accDefRate,accExamCnt,accExamCompCnt,careCnt,clearCnt,createDt,deathCnt,decideCnt,examCnt,resutlNegCnt,seq,stateDt,stateTime,updateDt,decideDailyCnt
5.557315,109591.0,75792.0,,31.0,2020-03-02 10:52:38.380,22.0,4212.0,33799.0,71580.0,61,2020-03-02 00:00:00.000,00:00,2020-03-02 10:52:38.38,476.0
5.329139700000001,125851.0,90296.0,4159.0,34.0,2020-03-03 10:46:53.530,28.0,4812.0,35555.0,85484.0,62,2020-03-03 00:00:00.000,00:00,2020-03-03 10:46:53.53,600.0
4.919986,136707.0,108293.0,4750.0,41.0,2020-03-04 10:21:44.440,32.0,5328.0,28414.0,102965.0,63,2020-03-04 00:00:00.000,00:00,2020-03-04 10:21:44.44,516.0
4.622748400000001,146541.0,124731.0,5255.0,88.0,2020-03-05 10:15:12.120,35.0,5766.0,21810.0,118965.0,64,2020-03-05 00:00:00.000,00:00,2020-03-05 10:15:12.12,438.0
4.3972344,164740.0,142908.0,5643.0,108.0,2020-03-06 12:55:44.440,42.0,6284.0,21832.0,136624.0,65,2020-03-06 00:00:00.000,00:00,2020-03-06 12:55:44.44,518.0
4.267543,178189.0,158569.0,6134.0,118.0,2020-03-07 11:00:45.450,44.0,6767.0,19620.0,151802.0,66,2020-03-07 00:00:00.000,00:00,2020-03-07 11:00:45.45,483.0
4.217757700000001,188518.0,169142.0,6605.0,130.0,2020-03-08 11:16:27.270,50.0,7134.0,19376.0,162008.0,67,2020-03-08 00:00:00.000,00:00,2020-03-08 11:16:27.27,367.0
4.1203394,196618.0,179160.0,6954.0,166.0,2020-03-09 10:47:15.150,51.0,7382.0,17458.0,171778.0,68,2020-03-09 00:00:00.000,00:00,2020-03-09 10:47:15.15,248.0
3.919308,210144.0,191692.0,7165.0,247.0,2020-03-10 10:20:27.270,54.0,7513.0,18452.0,184179.0,69,2020-03-10 00:00:00.000,00:00,2020-03-10 10:20:27.27,131.0
3.8041744,222395.0,203855.0,7212.0,288.0,2020-03-11 10:17:19.190,60.0,7755.0,18540.0,196100.0,70,2020-03-11 00:00:00.000,00:00,2020-03-11 10:17:19.19,242.0
3.6217442,234998.0,217271.0,7407.0,333.0,2020-03-12 10:37:03.030,66.0,7869.0,17727.0,209402.0,71,2020-03-12 00:00:00.000,00:00,2020-03-12 10:37:03.03,114.0
3.4584992,248647.0,230707.0,7470.0,510.0,2020-03-13 10:07:22.220,67.0,7979.0,17940.0,222728.0,72,2020-03-13 00:00:00.000,00:00,2020-03-13 10:07:22.22,110.0
3.3180002999999996,261335.0,243701.0,7402.0,714.0,2020-03-14 10:29:11.110,72.0,8086.0,17634.0,235615.0,73,2020-03-14 00:00:00.000,00:00,2020-03-14 10:29:11.11,107.0
3.2396602999999997,268212.0,251940.0,7300.0,834.0,2020-03-15 10:01:22.220,75.0,8162.0,16272.0,243778.0,74,2020-03-15 00:00:00.000,00:00,2020-03-15 10:01:22.22,76.0
3.1733922999999997,274504.0,259533.0,7253.0,1137.0,2020-03-16 10:12:33.330,75.0,8236.0,14971.0,251297.0,75,2020-03-16 00:00:00.000,00:00,2020-03-16 10:12:33.33,74.0
3.088058,286716.0,269425.0,7024.0,1401.0,2020-03-17 10:29:38.380,81.0,8320.0,17291.0,261105.0,76,2020-03-17 00:00:00.000,00:00,2020-03-17 10:29:38.38,84.0
3.0121624,295647.0,279301.0,6838.0,1540.0,2020-03-18 10:26:15.150,84.0,8413.0,16346.0,270888.0,77,2020-03-18 00:00:00.000,00:00,2020-03-18 10:26:15.15,93.0
2.9420857000000002,307024.0,291120.0,6789.0,1947.0,2020-03-19 10:07:57.570,91.0,8565.0,15904.0,282555.0,78,2020-03-19 00:00:00.000,00:00,2020-03-19 10:07:57.57,152.0
2.8730919999999998,316664.0,301139.0,6527.0,2233.0,2020-03-20 10:15:59.590,94.0,8652.0,15525.0,292487.0,79,2020-03-20 00:00:00.000,00:00,2020-03-20 10:15:59.59,87.0
2.821956,327509.0,311805.0,6325.0,2612.0,2020-03-21 10:02:58.580,102.0,8799.0,15704.0,303006.0,80,2020-03-21 00:00:00.000,00:00,2020-03-21 10:02:58.58,147.0
2.8045013,331780.0,317240.0,6085.0,2909.0,2020-03-22 10:07:28.280,104.0,8897.0,14540.0,308343.0,81,2020-03-22 00:00:00.000,00:00,2020-03-22 10:07:28.28,98.0
2.7622623,338036.0,324408.0,5884.0,3166.0,2020-03-23 10:27:32.320,111.0,8961.0,13628.0,315447.0,82,2020-03-23 00:00:00.000,00:00,2020-03-23 10:27:32.32,64.0
2.712657,348582.0,333142.0,5684.0,3507.0,2020-03-24 10:20:57.570,120.0,9037.0,15440.0,324105.0,84,2020-03-24 00:00:00.000,00:00,2020-03-24 10:20:57.57,76.0
2.6590574,357896.0,343618.0,5410.0,3730.0,2020-03-25 10:12:04.040,126.0,9137.0,14278.0,334481.0,85,2020-03-25 00:00:00.000,00:00,2020-03-25 10:12:04.04,100.0
2.6359703999999997,364942.0,350573.0,5281.0,4144.0,2020-03-26 10:40:50.500,131.0,9241.0,14369.0,341332.0,86,2020-03-26 00:00:00.000,00:00,2020-03-26 10:40:50.50,104.0
2.579739,376961.0,361742.0,4966.0,4528.0,2020-03-27 10:17:01.010,139.0,9332.0,15219.0,352410.0,87,2020-03-27 00:00:00.000,00:00,2020-03-27 10:17:01.01,91.0
2.5522335,387925.0,371361.0,4665.0,4811.0,2020-03-28 10:30:06.060,144.0,9478.0,16564.0,361883.0,88,2020-03-28 00:00:00.000,00:00,2020-03-28 10:30:06.06,146.0
2.5277423999999997,394141.0,379113.0,4523.0,5033.0,2020-03-29 10:10:20.200,152.0,9583.0,15028.0,369530.0,89,2020-03-29 00:00:00.000,00:00,2020-03-29 10:10:20.20,105.0
2.5312908,395194.0,381663.0,4398.0,5228.0,2020-03-30 10:32:34.340,158.0,9661.0,13531.0,372002.0,90,2020-03-30 00:00:00.000,00:00,2020-03-30 10:32:34.34,78.0
2.4858257999999998,410564.0,393672.0,4275.0,5408.0,2020-03-31 11:00:44.440,162.0,9786.0,16892.0,383886.0,91,2020-03-31 00:00:00.000,00:00,2020-03-31 11:00:44.44,125.0
2.4414637000000003,421547.0,404962.0,4216.0,5567.0,2020-04-01 10:13:22.220,165.0,9887.0,16585.0,395075.0,92,2020-04-01 00:00:00.000,00:00,2020-04-01 10:13:22.22,101.0
2.4104886000000003,431743.0,413858.0,4155.0,5828.0,2020-04-02 10:13:00.000,169.0,9976.0,17885.0,403882.0,94,2020-04-02 00:00:00.000,00:00,2020-04-02 10:13:00.00,89.0
2.3710720000000003,443273.0,424365.0,3979.0,6021.0,2020-04-03 10:19:21.210,174.0,10062.0,18908.0,414303.0,95,2020-04-03 00:00:00.000,00:00,2020-04-03 10:19:21.21,86.0
2.335314,455032.0,434888.0,3867.0,6325.0,2020-04-04 10:32:51.510,177.0,10156.0,20144.0,424732.0,96,2020-04-04 00:00:00.000,00:00,2020-04-04 10:32:51.51,94.0
2.3178357999999997,461233.0,441662.0,3654.0,6463.0,2020-04-05 10:11:59.590,183.0,10237.0,19571.0,431425.0,97,2020-04-05 00:00:00.000,00:00,2020-04-05 10:11:59.59,81.0
2.2980544999999997,466804.0,447509.0,3591.0,6598.0,2020-04-06 10:27:44.440,186.0,10284.0,19295.0,437225.0,98,2020-04-06 00:00:00.000,00:00,2020-04-06 10:27:44.44,47.0
2.2623255,477304.0,456654.0,3500.0,6694.0,2020-04-07 10:12:25.250,192.0,10331.0,20650.0,446323.0,99,2020-04-07 00:00:00.000,00:00,2020-04-07 10:12:25.25,47.0
2.2181162999999997,486003.0,468145.0,3445.0,6776.0,2020-04-08 10:15:42.420,200.0,10384.0,17858.0,457761.0,100,2020-04-08 00:00:00.000,00:00,2020-04-08 10:15:42.42,53.0
2.1750743,494711.0,479202.0,3408.0,6973.0,2020-04-09 10:22:27.270,204.0,10423.0,15509.0,468779.0,101,2020-04-09 00:00:00.000,00:00,2020-04-09 10:22:27.27,39.0
2.1424778,503051.0,487753.0,3246.0,7117.0,2020-04-10 10:15:54.540,208.0,10450.0,15298.0,477303.0,102,2020-04-10 00:00:00.000,00:00,2020-04-10 10:15:54.54,27.0
2.1111624,510479.0,496409.0,3125.0,7243.0,2020-04-11 10:24:11.110,211.0,10480.0,14070.0,485929.0,103,2020-04-11 00:00:00.000,00:00,2020-04-11 10:24:11.11,30.0
2.0989032,514621.0,500833.0,3026.0,7368.0,2020-04-12 10:20:49.490,214.0,10512.0,13788.0,490321.0,104,2020-04-12 00:00:00.000,00:00,2020-04-12 10:20:49.49,32.0
2.0850813,518743.0,505352.0,2930.0,7447.0,2020-04-13 10:14:53.530,217.0,10537.0,13391.0,494815.0,105,2020-04-13 00:00:00.000,00:00,2020-04-13 10:14:53.53,25.0
2.0601146,527438.0,512787.0,2873.0,7534.0,2020-04-14 10:23:15.150,222.0,10564.0,14651.0,502223.0,106,2020-04-14 00:00:00.000,00:00,2020-04-14 10:23:15.15,27.0
2.038589,534552.0,519526.0,2808.0,7616.0,2020-04-15 11:34:34.340,225.0,10591.0,15026.0,508935.0,107,2020-04-15 00:00:00.000,00:00,2020-04-15 11:34:34.34,27.0
2.0234240000000003,538775.0,524507.0,2750.0,7757.0,2020-04-16 10:55:17.170,229.0,10613.0,14268.0,513894.0,108,2020-04-16 00:00:00.000,00:00,2020-04-16 10:55:17.17,22.0
1.9980198,546463.0,532277.0,2627.0,7829.0,2020-04-17 10:32:02.020,230.0,10635.0,14186.0,521642.0,109,2020-04-17 00:00:00.000,00:00,2020-04-17 10:32:02.02,22.0
1.968098,554834.0,541284.0,2576.0,7937.0,2020-04-18 10:44:12.120,232.0,10653.0,13550.0,530631.0,110,2020-04-18 00:00:00.000,00:00,2020-04-18 10:44:12.12,18.0
1.9494721000000002,559109.0,546866.0,2484.0,8042.0,2020-04-19 10:27:30.300,234.0,10661.0,12243.0,536205.0,111,2020-04-19 00:00:00.000,00:00,2020-04-19 10:27:30.30,8.0
1.9370153,563035.0,551054.0,2385.0,8114.0,2020-04-20 10:26:59.590,236.0,10674.0,11981.0,540380.0,112,2020-04-20 00:00:00.000,00:00,2020-04-20 10:26:59.59,13.0
1.9135113999999998,571014.0,558293.0,2324.0,8213.0,2020-04-21 10:11:58.580,237.0,10683.0,12721.0,547610.0,113,2020-04-21 00:00:00.000,00:00,2020-04-21 10:11:58.58,9.0
1.8899403000000001,577959.0,565838.0,2233.0,8277.0,2020-04-22 10:20:28.280,238.0,10694.0,12121.0,555144.0,114,2020-04-22 00:00:00.000,00:00,2020-04-22 10:20:28.28,11.0
1.8650057,583971.0,573832.0,2179.0,8411.0,2020-04-23 10:11:05.050,240.0,10702.0,10139.0,563130.0,115,2020-04-23 00:00:00.000,00:00,2020-04-23 10:11:05.05,8.0
1.8464615000000002,589520.0,579920.0,2051.0,8501.0,2020-04-24 10:11:08.080,240.0,10708.0,9600.0,569212.0,116,2020-04-24 00:00:00.000,00:00,2020-04-24 10:11:08.08,6.0
1.8293161,595161.0,585902.0,1967.0,8635.0,2020-04-25 10:58:08.080,240.0,10718.0,9259.0,575184.0,119,2020-04-25 00:00:00.000,00:00,2020-04-25 10:58:08.08,10.0
1.8205082,598285.0,589286.0,1843.0,8717.0,2020-04-26 10:12:24.240,242.0,10728.0,8999.0,578558.0,120,2020-04-26 00:00:00.000,00:00,2020-04-26 10:12:24.24,10.0
1.8115104,601660.0,592765.0,1769.0,8764.0,2020-04-27 10:12:27.270,243.0,10738.0,8895.0,582027.0,121,2020-04-27 00:00:00.000,00:00,2020-04-27 10:12:27.27,10.0
1.7940601999999999,608514.0,599311.0,1731.0,8854.0,2020-04-28 10:22:16.160,244.0,10752.0,9203.0,588559.0,122,2020-04-28 00:00:00.000,00:00,2020-04-28 10:22:16.16,14.0
1.7760650000000002,614197.0,605890.0,1654.0,8922.0,2020-04-29 10:26:00.000,246.0,10761.0,8307.0,595129.0,123,2020-04-29 00:00:00.000,00:00,2020-04-29 10:26:00.00,9.0
1.7611538,619881.0,611247.0,1593.0,9059.0,2020-04-30 10:12:42.420,247.0,10765.0,8634.0,600482.0,124,2020-04-30 00:00:00.000,00:00,2020-04-30 10:12:42.42,4.0
1.7536262999999999,623069.0,614384.0,1459.0,9072.0,2020-05-01 10:24:38.380,248.0,10774.0,8685.0,603610.0,125,2020-05-01 00:00:00.000,00:00,2020-05-01 10:24:38.38,9.0
1.7413328999999997,627562.0,619066.0,1454.0,9123.0,2020-05-02 10:22:19.190,250.0,10780.0,8496.0,608286.0,126,2020-05-02 00:00:00.000,00:00,2020-05-02 10:22:19.19,6.0
1.7341355999999999,630973.0,622385.0,1407.0,9183.0,2020-05-03 10:54:37.370,250.0,10793.0,8588.0,611592.0,127,2020-05-03 00:00:00.000,00:00,2020-05-03 10:54:37.37,13.0
1.7261025,633921.0,625745.0,1360.0,9217.0,2020-05-04 10:11:32.320,252.0,10801.0,8176.0,614944.0,128,2020-05-04 00:00:00.000,00:00,2020-05-04 10:11:32.32,8.0
1.7111751,640237.0,631379.0,1332.0,9283.0,2020-05-05 10:20:41.410,254.0,10804.0,8858.0,620575.0,129,2020-05-05 00:00:00.000,00:00,2020-05-05 10:20:41.41,3.0
1.7015018,643095.0,635086.0,1267.0,9333.0,2020-05-06 10:16:11.110,255.0,10806.0,8009.0,624280.0,130,2020-05-06 00:00:00.000,00:00,2020-05-06 10:16:11.11,2.0
1.6865354,649388.0,640959.0,1218.0,9419.0,2020-05-07 10:43:56.560,256.0,10810.0,8429.0,630149.0,131,2020-05-07 00:00:00.000,00:00,2020-05-07 10:43:56.56,4.0
1.6752425,654863.0,645996.0,1135.0,9484.0,2020-05-08 10:18:50.500,256.0,10822.0,8867.0,635174.0,132,2020-05-08 00:00:00.000,00:00,2020-05-08 10:18:50.50,12.0
1.6654452000000002,660030.0,650877.0,1082.0,9568.0,2020-05-09 10:17:15.150,256.0,10840.0,9153.0,640037.0,133,2020-05-09 00:00:00.000,00:00,2020-05-09 10:17:15.15,18.0
1.6633066000000003,663886.0,653758.0,1016.0,9610.0,2020-05-10 10:14:56.560,256.0,10874.0,10128.0,642884.0,134,2020-05-10 00:00:00.000,00:00,2020-05-10 10:14:56.56,34.0
1.6589869,668492.0,657570.0,1008.0,9632.0,2020-05-11 10:25:58.580,256.0,10909.0,10922.0,646661.0,135,2020-05-11 00:00:00.000,00:00,2020-05-11 10:25:58.58,35.0
1.6456001,680890.0,664560.0,1021.0,9670.0,2020-05-12 10:12:14.140,258.0,10936.0,16330.0,653624.0,136,2020-05-12 00:00:00.000,00:00,2020-05-12 10:12:14.14,27.0
1.6207799999999999,695920.0,676341.0,1008.0,9695.0,2020-05-13 10:41:15.150,259.0,10962.0,19579.0,665379.0,137,2020-05-13 00:00:00.000,00:00,2020-05-13 10:41:15.15,26.0
1.5911413,711484.0,690762.0,1008.0,9762.0,2020-05-14 10:18:25.250,260.0,10991.0,20722.0,679771.0,138,2020-05-14 00:00:00.000,00:00,2020-05-14 10:18:25.25,29.0
1.558698,726747.0,706872.0,969.0,9821.0,2020-05-15 10:33:34.340,260.0,11018.0,19875.0,695854.0,139,2020-05-15 00:00:00.000,00:00,2020-05-15 10:33:34.34,27.0
1.5280312,740645.0,722302.0,937.0,9851.0,2020-05-16 10:19:44.440,262.0,11037.0,18343.0,711265.0,140,2020-05-16 00:00:00.000,00:00,2020-05-16 10:19:44.44,19.0
1.5137131000000001,747653.0,729993.0,924.0,9888.0,2020-05-17 10:12:11.110,262.0,11050.0,17660.0,718943.0,141,2020-05-17 00:00:00.000,00:00,2020-05-17 10:12:11.11,13.0
1.5011165000000002,753211.0,737118.0,900.0,9904.0,2020-05-18 10:18:09.090,263.0,11065.0,16093.0,726053.0,142,2020-05-18 00:00:00.000,00:00,2020-05-18 10:18:09.09,15.0
1.4797322,765574.0,748649.0,898.0,9938.0,2020-05-19 10:22:38.380,263.0,11078.0,16925.0,737571.0,143,2020-05-19 00:00:00.000,00:00,2020-05-19 10:22:38.38,13.0
1.4616843000000002,776433.0,760082.0,877.0,10066.0,2020-05-20 10:13:17.170,263.0,11110.0,16351.0,748972.0,144,2020-05-20 00:00:00.000,00:00,2020-05-20 10:13:17.17,32.0
1.4433003999999998,788684.0,770595.0,781.0,10135.0,2020-05-21 10:24:07.070,264.0,11122.0,18089.0,759473.0,145,2020-05-21 00:00:00.000,00:00,2020-05-21 10:24:07.07,12.0
1.4245676999999999,802418.0,782132.0,723.0,10162.0,2020-05-22 10:15:38.380,264.0,11142.0,20286.0,770990.0,146,2020-05-22 00:00:00.000,00:00,2020-05-22 10:15:38.38,20.0
1.4082091,814420.0,792851.0,716.0,10194.0,2020-05-23 10:34:54.540,266.0,11165.0,21569.0,781686.0,147,2020-05-23 00:00:00.000,00:00,2020-05-23 10:34:54.54,23.0
1.398827,820289.0,799956.0,705.0,10213.0,2020-05-24 10:29:10.100,266.0,11190.0,20333.0,788766.0,148,2020-05-24 00:00:00.000,00:00,2020-05-24 10:29:10.10,25.0
1.3880012,826437.0,807348.0,711.0,10226.0,2020-05-25 10:27:08.080,267.0,11206.0,19089.0,796142.0,149,2020-05-25 00:00:00.000,00:00,2020-05-25 10:27:08.08,16.0
1.3732046,839475.0,817431.0,713.0,10275.0,2020-05-26 10:12:49.490,269.0,11225.0,22044.0,806206.0,150,2020-05-26 00:00:00.000,00:00,2020-05-26 10:12:49.49,19.0
1.3542675,852876.0,831815.0,681.0,10295.0,2020-05-27 10:16:33.330,269.0,11265.0,21061.0,820550.0,151,2020-05-27 00:00:00.000,00:00,2020-05-27 10:16:33.33,40.0
1.3404293,868666.0,846296.0,701.0,10340.0,2020-05-28 10:11:28.280,269.0,11344.0,22370.0,834952.0,152,2020-05-28 00:00:00.000,00:00,2020-05-28 10:11:28.28,79.0
1.3249465,885120.0,860563.0,735.0,10363.0,2020-05-29 10:10:53.530,269.0,11402.0,24557.0,849161.0,153,2020-05-29 00:00:00.000,00:00,2020-05-29 10:10:53.53,58.0
1.3051518,902901.0,876603.0,770.0,10398.0,2020-05-30 10:12:27.270,269.0,11441.0,26298.0,865162.0,154,2020-05-30 00:00:00.000,00:00,2020-05-30 10:12:27.27,39.0
1.2921281999999998,910822.0,887528.0,774.0,10405.0,2020-05-31 10:22:38.380,270.0,11468.0,23294.0,876060.0,155,2020-05-31 00:00:00.000,00:00,2020-05-31 10:22:38.38,27.0
1.2819098,921391.0,897333.0,793.0,10422.0,2020-06-01 10:13:10.100,271.0,11503.0,24058.0,885830.0,156,2020-06-01 00:00:00.000,00:00,2020-06-01 10:13:10.10,35.0
1.2669483,939851.0,910929.0,810.0,10446.0,2020-06-02 10:15:46.460,272.0,11541.0,28922.0,899388.0,157,2020-06-02 00:00:00.000,00:00,2020-06-02 10:15:46.46,38.0
1.2475955,956852.0,928987.0,823.0,10467.0,2020-06-03 10:25:46.460,273.0,11590.0,27865.0,917397.0,158,2020-06-03 00:00:00.000,00:00,2020-06-03 10:25:46.46,49.0
1.2297243999999998,973858.0,945659.0,850.0,10499.0,2020-06-04 10:27:46.460,273.0,11629.0,28199.0,934030.0,159,2020-06-04 00:00:00.000,00:00,2020-06-04 10:27:46.46,39.0
1.2126453000000001,990960.0,962194.0,857.0,10506.0,2020-06-05 10:56:51.510,273.0,11668.0,28766.0,950526.0,160,2020-06-05 00:00:00.000,00:00,2020-06-05 10:56:51.51,39.0
1.1990575,1005305.0,977351.0,889.0,10531.0,2020-06-06 10:49:23.230,273.0,11719.0,27954.0,965632.0,161,2020-06-06 00:00:00.000,00:00,2020-06-06 10:49:23.23,51.0
1.1939718000000001,1012769.0,986288.0,915.0,10552.0,2020-06-07 10:20:09.090,273.0,11776.0,26481.0,974512.0,162,2020-06-07 00:00:00.000,00:00,2020-06-07 10:20:09.09,57.0
1.1886231000000003,1018213.0,993839.0,951.0,10563.0,2020-06-08 10:14:01.010,273.0,11813.0,24374.0,982026.0,163,2020-06-08 00:00:00.000,00:00,2020-06-08 10:14:01.01,37.0
1.1750684999999998,1035996.0,1008537.0,977.0,10589.0,2020-06-09 10:08:46.460,274.0,11851.0,27459.0,996686.0,164,2020-06-09 00:00:00.000,00:00,2020-06-09 10:08:46.46,38.0
1.1602265,1051971.0,1025748.0,988.0,10611.0,2020-06-10 10:13:48.480,276.0,11901.0,26223.0,1013847.0,165,2020-06-10 00:00:00.000,00:00,2020-06-10 10:13:48.48,50.0
1.1471174,1066887.0,1041393.0,1014.0,10654.0,2020-06-11 10:30:28.280,276.0,11946.0,25494.0,1029447.0,166,2020-06-11 00:00:00.000,00:00,2020-06-11 10:30:28.28,45.0
1.1352178999999998,1081486.0,1057242.0,1016.0,10669.0,2020-06-12 10:22:23.230,277.0,12002.0,24244.0,1045240.0,167,2020-06-12 00:00:00.000,00:00,2020-06-12 10:22:23.23,56.0
1.1247481000000001,1094703.0,1071351.0,1056.0,10691.0,2020-06-13 10:11:43.430,277.0,12050.0,23352.0,1059301.0,168,2020-06-13 00:00:00.000,00:00,2020-06-13 10:11:43.43,48.0
1.119956,1100327.0,1078971.0,1082.0,10718.0,2020-06-14 10:19:18.180,277.0,12084.0,21356.0,1066887.0,169,2020-06-14 00:00:00.000,00:00,2020-06-14 10:19:18.18,34.0
1.1172191,1105719.0,1084926.0,1089.0,10730.0,2020-06-15 10:16:22.220,277.0,12121.0,20793.0,1072805.0,170,2020-06-15 00:00:00.000,00:00,2020-06-15 10:16:22.22,37.0
1.1078854999999999,1119767.0,1097135.0,1114.0,10760.0,2020-06-16 10:16:47.470,278.0,12155.0,22632.0,1084980.0,171,2020-06-16 00:00:00.000,00:00,2020-06-16 10:16:47.47,34.0
1.0975999,1132823.0,1111334.0,1117.0,10774.0,2020-06-17 10:14:34.340,279.0,12198.0,21489.0,1099136.0,172,2020-06-17 00:00:00.000,00:00,2020-06-17 10:14:34.34,43.0
1.0904824,1145712.0,1123998.0,1145.0,10800.0,2020-06-18 10:12:45.450,280.0,12257.0,21714.0,1111741.0,173,2020-06-18 00:00:00.000,00:00,2020-06-18 10:12:45.45,59.0
1.0824428,1158063.0,1136873.0,1177.0,10835.0,2020-06-19 10:32:24.240,280.0,12306.0,21190.0,1124567.0,174,2020-06-19 00:00:00.000,00:00,2020-06-19 10:32:24.24,49.0
1.0764457,1170901.0,1149431.0,1191.0,10856.0,2020-06-20 10:14:22.220,280.0,12373.0,21470.0,1137058.0,175,2020-06-20 00:00:00.000,00:00,2020-06-20 10:14:22.22,67.0
1.0741167,1176463.0,1156392.0,1237.0,10868.0,2020-06-21 10:10:23.230,280.0,12421.0,20071.0,1143971.0,176,2020-06-21 00:00:00.000,00:00,2020-06-21 10:10:23.23,48.0
1.0697855,1182066.0,1162663.0,1273.0,10881.0,2020-06-22 11:40:11.110,280.0,12438.0,19403.0,1150225.0,177,2020-06-22 00:00:00.000,00:00,2020-06-22 11:40:11.11,17.0
1.0636141000000001,1196012.0,1173734.0,1277.0,10908.0,2020-06-23 10:41:14.140,281.0,12484.0,22278.0,1161250.0,178,2020-06-23 00:00:00.000,00:00,2020-06-23 10:41:14.14,46.0
1.0548221000000002,1208597.0,1188352.0,1295.0,10930.0,2020-06-24 10:31:43.430,281.0,12535.0,20245.0,1175817.0,179,2020-06-24 00:00:00.000,00:00,2020-06-24 10:31:43.43,51.0
1.0455418,1220478.0,1201578.0,1324.0,10974.0,2020-06-25 10:19:09.090,282.0,12563.0,18900.0,1189015.0,180,2020-06-25 00:00:00.000,00:00,2020-06-25 10:19:09.09,28.0
1.0384948,1232315.0,1213487.0,1307.0,11172.0,2020-06-26 10:13:35.350,282.0,12602.0,18828.0,1200885.0,181,2020-06-26 00:00:00.000,00:00,2020-06-26 10:13:35.35,39.0
1.0338144,1243780.0,1223914.0,1148.0,11317.0,2020-06-27 10:47:05.050,282.0,12653.0,19866.0,1211261.0,182,2020-06-27 00:00:00.000,00:00,2020-06-27 10:47:05.05,51.0
1.031484,1251695.0,1232690.0,1054.0,11364.0,2020-06-28 10:29:27.270,282.0,12715.0,19005.0,1219975.0,183,2020-06-28 00:00:00.000,00:00,2020-06-28 10:29:27.27,62.0
1.0275846,1259954.0,1241455.0,1069.0,11429.0,2020-06-29 10:29:36.360,282.0,12757.0,18499.0,1228698.0,184,2020-06-29 00:00:00.000,00:00,2020-06-29 10:29:36.36,42.0
1.0215044,1273765.0,1252956.0,1046.0,11537.0,2020-06-30 11:19:14.140,282.0,12799.0,20809.0,1240157.0,185,2020-06-30 00:00:00.000,00:00,2020-06-30 11:19:14.14,42.0
1.0152444999999999,1285231.0,1265705.0,980.0,11613.0,2020-07-01 10:35:06.060,282.0,12850.0,19526.0,1252855.0,186,2020-07-01 00:00:00.000,00:00,2020-07-01 10:35:06.06,51.0
1.0111426,1295962.0,1276180.0,955.0,11684.0,2020-07-02 10:27:03.030,282.0,12904.0,19782.0,1263276.0,187,2020-07-02 00:00:00.000,00:00,2020-07-02 10:27:03.03,54.0
1.0080073,1307761.0,1286201.0,938.0,11759.0,2020-07-03 10:19:08.080,282.0,12965.0,21560.0,1273236.0,188,2020-07-03 00:00:00.000,00:00,2020-07-03 10:19:08.08,61.0
1.004317,1319521.0,1297200.0,924.0,11811.0,2020-07-04 10:13:42.420,283.0,13028.0,22321.0,1284172.0,189,2020-07-04 00:00:00.000,00:00,2020-07-04 10:13:42.42,63.0
1.0034453,1326055.0,1304406.0,934.0,11832.0,2020-07-05 10:25:26.260,283.0,13089.0,21649.0,1291317.0,190,2020-07-05 00:00:00.000,00:00,2020-07-05 10:25:26.26,61.0
1.0024388000000002,1331796.0,1310504.0,974.0,11848.0,2020-07-06 10:42:20.200,284.0,13137.0,21292.0,1297367.0,191,2020-07-06 00:00:00.000,00:00,2020-07-06 10:42:20.20,48.0
0.9966586,1346194.0,1322519.0,1005.0,11914.0,2020-07-07 10:15:15.150,285.0,13181.0,23675.0,1309338.0,192,2020-07-07 00:00:00.000,00:00,2020-07-07 10:15:15.15,44.0
0.9914488000000001,1359734.0,1335722.0,982.0,11970.0,2020-07-08 10:19:47.470,285.0,13243.0,24012.0,1322479.0,193,2020-07-08 00:00:00.000,00:00,2020-07-08 10:19:47.47,62.0
0.98623073,1371771.0,1347859.0,988.0,12019.0,2020-07-09 10:50:30.300,287.0,13293.0,23912.0,1334566.0,194,2020-07-09 00:00:00.000,00:00,2020-07-09 10:50:30.30,50.0
0.9797534,1384890.0,1361363.0,987.0,12065.0,2020-07-10 10:16:35.350,288.0,13338.0,23527.0,1348025.0,195,2020-07-10 00:00:00.000,00:00,2020-07-10 10:16:35.35,45.0
0.97329605,1396941.0,1373991.0,985.0,12144.0,2020-07-11 10:24:20.200,288.0,13373.0,22950.0,1360618.0,196,2020-07-11 00:00:00.000,00:00,2020-07-11 10:24:20.20,35.0
0.9720252,1402144.0,1380314.0,941.0,12178.0,2020-07-12 10:21:53.530,289.0,13417.0,21830.0,1366897.0,197,2020-07-12 00:00:00.000,00:00,2020-07-12 10:21:53.53,44.0
0.9721832,1408312.0,1386467.0,950.0,12204.0,2020-07-13 10:20:52.520,289.0,13479.0,21845.0,1372988.0,198,2020-07-13 00:00:00.000,00:00,2020-07-13 10:20:52.52,62.0
0.96768165,1420616.0,1396327.0,986.0,12282.0,2020-07-14 10:42:52.520,289.0,13512.0,24289.0,1382815.0,199,2020-07-14 00:00:00.000,00:00,2020-07-14 10:42:52.52,33.0
0.9624159999999999,1431316.0,1408019.0,941.0,12348.0,2020-07-15 10:38:15.150,289.0,13551.0,23297.0,1394468.0,200,2020-07-15 00:00:00.000,00:00,2020-07-15 10:38:15.15,39.0
0.9599815,1441348.0,1417944.0,914.0,12396.0,2020-07-16 10:44:38.380,291.0,13612.0,23404.0,1404332.0,201,2020-07-16 00:00:00.000,00:00,2020-07-16 10:44:38.38,61.0
0.9574853000000001,1451017.0,1427907.0,925.0,12460.0,2020-07-17 10:40:49.490,293.0,13672.0,23110.0,1414235.0,202,2020-07-17 00:00:00.000,00:00,2020-07-17 10:40:49.49,60.0
0.95395404,1460204.0,1437281.0,919.0,12519.0,2020-07-18 10:13:21.210,294.0,13711.0,22923.0,1423570.0,203,2020-07-18 00:00:00.000,00:00,2020-07-18 10:13:21.21,39.0
0.9523011,1465299.0,1443346.0,898.0,12556.0,2020-07-19 10:19:04.040,295.0,13745.0,21953.0,1429601.0,204,2020-07-19 00:00:00.000,00:00,2020-07-19 10:19:04.04,34.0
0.9504511,1470193.0,1448891.0,894.0,12572.0,2020-07-20 10:55:20.200,296.0,13771.0,21302.0,1435120.0,205,2020-07-20 00:00:00.000,00:00,2020-07-20 10:55:20.20,26.0
0.9472577,1482390.0,1458526.0,903.0,12643.0,2020-07-21 11:07:32.320,296.0,13816.0,23864.0,1444710.0,206,2020-07-21 00:00:00.000,00:00,2020-07-21 11:07:32.32,45.0
0.94394416,1492071.0,1470320.0,877.0,12698.0,2020-07-22 10:27:17.170,297.0,13879.0,21751.0,1456441.0,207,2020-07-22 00:00:00.000,00:00,2020-07-22 10:27:17.17,63.0
0.9421158000000002,1500854.0,1479436.0,884.0,12758.0,2020-07-23 10:38:02.020,297.0,13938.0,21418.0,1465498.0,208,2020-07-23 00:00:00.000,00:00,2020-07-23 10:38:02.02,59.0
0.93833405,1510327.0,1489768.0,883.0,12817.0,2020-07-24 11:05:48.480,298.0,13979.0,20559.0,1475789.0,209,2020-07-24 00:00:00.000,00:00,2020-07-24 11:05:48.48,41.0
0.94012284,1518634.0,1498953.0,864.0,12866.0,2020-07-25 10:19:50.500,298.0,14092.0,19681.0,1484861.0,210,2020-07-25 00:00:00.000,00:00,2020-07-25 10:19:50.50,113.0
0.94100463,1522926.0,1503712.0,928.0,12890.0,2020-07-26 10:28:24.240,298.0,14150.0,19214.0,1489562.0,211,2020-07-26 00:00:00.000,00:00,2020-07-26 10:28:24.24,58.0
0.93985957,1526974.0,1508204.0,962.0,12905.0,2020-07-27 10:35:55.550,299.0,14175.0,18770.0,1494029.0,212,2020-07-27 00:00:00.000,00:00,2020-07-27 10:35:55.55,25.0
0.93609536,1537704.0,1517260.0,971.0,13007.0,2020-07-28 10:31:12.120,300.0,14203.0,20444.0,1503057.0,213,2020-07-28 00:00:00.000,00:00,2020-07-28 10:31:12.12,28.0
0.9326687,1547307.0,1527981.0,896.0,13069.0,2020-07-29 10:44:55.550,300.0,14251.0,19326.0,1513730.0,214,2020-07-29 00:00:00.000,00:00,2020-07-29 10:44:55.55,48.0
0.928248,1556215.0,1537197.0,882.0,13132.0,2020-07-30 11:11:23.230,300.0,14269.0,19018.0,1522928.0,215,2020-07-30 00:00:00.000,00:00,2020-07-30 11:11:23.23,18.0
0.9256108000000001,1563796.0,1545466.0,837.0,13183.0,2020-07-31 10:36:45.450,301.0,14305.0,18330.0,1531161.0,216,2020-07-31 00:00:00.000,00:00,2020-07-31 10:36:45.45,36.0
0.92278856,1571830.0,1553552.0,821.0,13233.0,2020-08-01 10:20:04.040,301.0,14336.0,18278.0,1539216.0,217,2020-08-01 00:00:00.000,00:00,2020-08-01 10:20:04.04,31.0
0.9217968000000001,1576246.0,1558478.0,802.0,13259.0,2020-08-02 12:17:01.010,301.0,14366.0,17768.0,1544112.0,218,2020-08-02 00:00:00.000,00:00,2020-08-02 12:17:01.01,30.0
0.9209809000000001,1579757.0,1562356.0,806.0,13280.0,2020-08-03 10:22:38.380,301.0,14389.0,17401.0,1547967.0,219,2020-08-03 00:00:00.000,00:00,2020-08-03 10:22:38.38,23.0
0.9180449,1589780.0,1571056.0,808.0,13352.0,2020-08-04 10:49:59.590,301.0,14423.0,18724.0,1556633.0,220,2020-08-04 00:00:00.000,00:00,2020-08-04 10:49:59.59,34.0
0.9151121999999999,1598187.0,1579697.0,770.0,13406.0,2020-08-05 10:20:58.580,302.0,14456.0,18490.0,1565241.0,221,2020-08-05 00:00:00.000,00:00,2020-08-05 10:20:58.58,33.0
0.91277313,1606487.0,1588456.0,748.0,13501.0,2020-08-06 10:22:47.470,302.0,14499.0,18031.0,1573957.0,222,2020-08-06 00:00:00.000,00:00,2020-08-06 10:22:47.47,43.0
0.909379,1613652.0,1596584.0,696.0,13543.0,2020-08-07 10:11:43.430,303.0,14519.0,17068.0,1582065.0,223,2020-08-07 00:00:00.000,00:00,2020-08-07 10:11:43.43,20.0
0.90762395,1620514.0,1604409.0,673.0,13629.0,2020-08-08 10:18:57.570,304.0,14562.0,16105.0,1589847.0,224,2020-08-08 00:00:00.000,00:00,2020-08-08 10:18:57.57,43.0
0.9079222,1624650.0,1607847.0,629.0,13642.0,2020-08-09 10:42:32.320,305.0,14598.0,16803.0,1593249.0,225,2020-08-09 00:00:00.000,00:00,2020-08-09 10:42:32.32,36.0
0.9073725,1628303.0,1611907.0,651.0,13658.0,2020-08-10 10:37:49.490,305.0,14626.0,16396.0,1597281.0,226,2020-08-10 00:00:00.000,00:00,2020-08-10 10:37:49.49,28.0
0.90474004,1637844.0,1620355.0,663.0,13729.0,2020-08-11 10:28:37.370,305.0,14660.0,17489.0,1605695.0,227,2020-08-11 00:00:00.000,00:00,2020-08-11 10:28:37.37,34.0
0.90309995,1646652.0,1629277.0,626.0,13786.0,2020-08-12 10:41:22.220,305.0,14714.0,17375.0,1614563.0,228,2020-08-12 00:00:00.000,00:00,2020-08-12 10:41:22.22,54.0
0.9022051,1654898.0,1637100.0,623.0,13817.0,2020-08-13 10:26:13.130,305.0,14770.0,17798.0,1622330.0,229,2020-08-13 00:00:00.000,00:00,2020-08-13 10:26:13.13,56.0
0.90416014,1665084.0,1644952.0,648.0,13863.0,2020-08-14 10:25:20.200,305.0,14873.0,20132.0,1630079.0,230,2020-08-14 00:00:00.000,00:00,2020-08-14 10:25:20.20,103.0
0.90942734,1675296.0,1653678.0,705.0,13901.0,2020-08-15 09:04:10.100,305.0,15039.0,21618.0,1638639.0,231,2020-08-15 00:00:00.000,00:00,2020-08-15 9:04:10.10,166.0
0.9228923000000001,1681787.0,1659782.0,833.0,13910.0,2020-08-16 10:33:31.310,305.0,15318.0,22005.0,1644464.0,232,2020-08-16 00:00:00.000,00:00,2020-08-16 10:33:31.31,279.0
0.9315486999999999,1688470.0,1665506.0,1103.0,13917.0,2020-08-18 09:12:23.230,305.0,15515.0,22964.0,1649991.0,233,2020-08-17 00:00:00.000,00:00,2020-08-18 9:12:23.23,197.0
0.94274336,1697042.0,1671823.0,1293.0,13934.0,2020-08-18 10:13:01.010,306.0,15761.0,25219.0,1656062.0,234,2020-08-18 00:00:00.000,00:00,2020-08-18 10:13:01.01,246.0
0.9535392,1715064.0,1684042.0,1521.0,14006.0,2020-08-19 10:12:19.190,306.0,16058.0,31022.0,1667984.0,235,2020-08-19 00:00:00.000,00:00,2020-08-19 10:12:19.19,297.0
0.9620472,1734083.0,1699085.0,1746.0,14063.0,2020-08-20 10:13:53.530,307.0,16346.0,34998.0,1682739.0,236,2020-08-20 00:00:00.000,00:00,2020-08-20 10:13:53.53,288.0
0.9714011,1754123.0,1716078.0,1976.0,14120.0,2020-08-21 10:21:10.100,309.0,16670.0,38045.0,1699408.0,237,2020-08-21 00:00:00.000,00:00,2020-08-21 10:21:10.10,324.0
0.98086214,1775800.0,1733373.0,2241.0,14169.0,2020-08-22 10:15:56.560,309.0,17002.0,42427.0,1716371.0,238,2020-08-22 00:00:00.000,00:00,2020-08-22 10:15:56.56,332.0
0.99780804,1791186.0,1743622.0,2524.0,14200.0,2020-08-23 10:21:59.590,309.0,17398.0,47564.0,1726224.0,239,2020-08-23 00:00:00.000,00:00,2020-08-23 10:21:59.59,396.0
1.005678,1804422.0,1756427.0,2889.0,14219.0,2020-08-24 10:17:44.440,309.0,17664.0,47995.0,1738763.0,240,2020-08-24 00:00:00.000,00:00,2020-08-24 10:17:44.44,266.0
1.0106591,1825837.0,1775475.0,3136.0,14286.0,2020-08-25 10:23:00.000,310.0,17944.0,50362.0,1757531.0,241,2020-08-25 00:00:00.000,00:00,2020-08-25 10:23:00.00,280.0
1.0165241,1849506.0,1796711.0,3348.0,14368.0,2020-08-26 10:20:54.540,312.0,18264.0,52795.0,1778447.0,242,2020-08-26 00:00:00.000,00:00,2020-08-26 10:20:54.54,320.0
1.0291394,1869579.0,1817538.0,3584.0,14461.0,2020-08-27 10:15:47.470,313.0,18705.0,52041.0,1798833.0,243,2020-08-27 00:00:00.000,00:00,2020-08-27 10:15:47.47,441.0
1.0384288000000002,1887717.0,1837006.0,3931.0,14551.0,2020-08-28 09:39:46.460,316.0,19076.0,50711.0,1817930.0,244,2020-08-28 00:00:00.000,00:00,2020-08-28 9:39:46.46,371.0
1.0456086,1909329.0,1855283.0,4209.0,14765.0,2020-08-29 09:56:02.020,321.0,19399.0,54046.0,1835884.0,245,2020-08-29 00:00:00.000,00:00,2020-08-29 9:56:02.02,323.0
1.0555427,1924170.0,1866149.0,4313.0,14903.0,2020-08-30 09:37:35.350,323.0,19698.0,58021.0,1846451.0,246,2020-08-30 00:00:00.000,00:00,2020-08-30 9:37:35.35,299.0
1.0610628999999998,1937689.0,1879813.0,4472.0,14973.0,2020-08-31 09:32:30.300,324.0,19946.0,57876.0,1859867.0,247,2020-08-31 00:00:00.000,00:00,2020-08-31 9:32:30.30,248.0
1.060853,1959080.0,1902337.0,4649.0,15198.0,2020-09-01 09:32:28.280,324.0,20181.0,56743.0,1882156.0,248,2020-09-01 00:00:00.000,00:00,2020-09-01 9:32:28.28,235.0
1.0630362,1980295.0,1923547.0,4659.0,15356.0,2020-09-02 10:20:18.180,326.0,20448.0,56748.0,1903099.0,249,2020-09-02 00:00:00.000,00:00,2020-09-02 10:20:18.18,267.0
1.0613215,2000552.0,1945028.0,4766.0,15529.0,2020-09-03 09:37:36.360,329.0,20643.0,55524.0,1924385.0,250,2020-09-03 00:00:00.000,00:00,2020-09-03 9:37:36.36,195.0
1.0597261999999998,2018906.0,1966640.0,4785.0,15783.0,2020-09-04 09:46:41.410,331.0,20841.0,52266.0,1945799.0,251,2020-09-04 00:00:00.000,00:00,2020-09-04 9:46:41.41,198.0
1.0584049,2037045.0,1984968.0,4727.0,16008.0,2020-09-05 09:34:12.120,333.0,21009.0,52077.0,1963959.0,252,2020-09-05 00:00:00.000,00:00,2020-09-05 9:34:12.12,168.0
1.060755,2045935.0,1996314.0,4668.0,16145.0,2020-09-06 09:48:31.310,334.0,21176.0,49621.0,1975138.0,253,2020-09-06 00:00:00.000,00:00,2020-09-06 9:48:31.31,167.0
1.062525,2051297.0,2004188.0,4697.0,16296.0,2020-09-07 09:34:32.320,336.0,21295.0,47109.0,1982893.0,254,2020-09-07 00:00:00.000,00:00,2020-09-07 9:34:32.32,119.0
1.0595202,2066078.0,2022708.0,4663.0,16635.0,2020-09-08 09:34:17.170,341.0,21431.0,43370.0,2001277.0,255,2020-09-08 00:00:00.000,00:00,2020-09-08 9:34:17.17,136.0
1.0552373,2082234.0,2045701.0,4455.0,17022.0,2020-09-09 10:04:45.450,344.0,21587.0,36533.0,2024114.0,256,2020-09-09 00:00:00.000,00:00,2020-09-09 10:04:45.45,156.0
1.0520798999999998,2099591.0,2066573.0,4221.0,17359.0,2020-09-10 09:43:45.450,346.0,21742.0,33018.0,2044831.0,257,2020-09-10 00:00:00.000,00:00,2020-09-10 9:43:45.45,155.0
1.0488145,2119211.0,2089788.0,4037.0,17615.0,2020-09-11 09:34:22.220,350.0,21918.0,29423.0,2067870.0,258,2020-09-11 00:00:00.000,00:00,2020-09-11 9:34:22.22,176.0
1.0463881,2135457.0,2107631.0,3953.0,18028.0,2020-09-12 10:03:20.200,355.0,22054.0,27826.0,2085577.0,259,2020-09-12 00:00:00.000,00:00,2020-09-12 10:03:20.20,136.0
1.0481833,2143270.0,2115565.0,3671.0,18225.0,2020-09-13 11:05:39.390,358.0,22175.0,27705.0,2093390.0,260,2020-09-13 00:00:00.000,00:00,2020-09-13 11:05:39.39,121.0
1.0493867000000001,2151002.0,2123526.0,3592.0,18488.0,2020-09-14 09:54:40.400,363.0,22284.0,27476.0,2101242.0,261,2020-09-14 00:00:00.000,00:00,2020-09-14 9:54:40.40,109.0
1.0475991,2164578.0,2137268.0,3433.0,18877.0,2020-09-15 09:48:42.420,367.0,22390.0,27310.0,2114878.0,262,2020-09-15 00:00:00.000,00:00,2020-09-15 9:48:42.42,106.0
1.0451976,2178832.0,2152990.0,3146.0,19309.0,2020-09-16 09:37:11.110,367.0,22503.0,25842.0,2130487.0,263,2020-09-16 00:00:00.000,00:00,2020-09-16 9:37:11.11,113.0
1.045798,2191892.0,2166384.0,2827.0,19542.0,2020-09-17 10:09:17.170,372.0,22656.0,25508.0,2143728.0,264,2020-09-17 00:00:00.000,00:00,2020-09-17 10:09:17.17,153.0
1.0445849,2206365.0,2180962.0,2742.0,19770.0,2020-09-18 09:58:10.100,377.0,22782.0,25403.0,2158180.0,265,2020-09-18 00:00:00.000,00:00,2020-09-18 9:58:10.10,126.0
1.0431738000000002,2219162.0,2194457.0,2635.0,19969.0,2020-09-19 10:09:16.160,378.0,22892.0,24705.0,2171565.0,266,2020-09-19 00:00:00.000,00:00,2020-09-19 10:09:16.16,110.0
1.0431219,2226701.0,2202427.0,2545.0,20157.0,2020-09-20 09:52:54.540,383.0,22974.0,24274.0,2179453.0,267,2020-09-20 00:00:00.000,00:00,2020-09-20 9:52:54.54,82.0
1.0431620000000001,2231589.0,2209053.0,2434.0,20247.0,2020-09-21 10:01:43.430,385.0,23044.0,22536.0,2186009.0,268,2020-09-21 00:00:00.000,00:00,2020-09-21 10:01:43.43,70.0
1.0398805,2245112.0,2221890.0,2412.0,20440.0,2020-09-22 10:08:48.480,388.0,23105.0,23222.0,2198785.0,269,2020-09-22 00:00:00.000,00:00,2020-09-22 10:08:48.48,61.0
1.0380652,2256899.0,2236372.0,2277.0,20649.0,2020-09-23 10:11:00.000,388.0,23215.0,20527.0,2213157.0,270,2020-09-23 00:00:00.000,00:00,2020-09-23 10:11:00.00,110.0
1.0381559999999999,2268999.0,2248217.0,2178.0,20831.0,2020-09-24 10:06:22.220,393.0,23340.0,20782.0,2224877.0,271,2020-09-24 00:00:00.000,00:00,2020-09-24 10:06:22.22,125.0
1.0374658,2280276.0,2260701.0,2116.0,20977.0,2020-09-25 09:56:14.140,395.0,23454.0,19575.0,2237247.0,272,2020-09-25 00:00:00.000,00:00,2020-09-25 9:56:14.14,114.0
1.0350654000000001,2290345.0,2271837.0,2082.0,21165.0,2020-09-26 10:01:53.530,399.0,23515.0,18508.0,2248322.0,273,2020-09-26 00:00:00.000,00:00,2020-09-26 10:01:53.53,61.0
1.0365997999999998,2296517.0,2277639.0,1951.0,21247.0,2020-09-27 10:12:36.360,401.0,23610.0,18878.0,2254029.0,274,2020-09-27 00:00:00.000,00:00,2020-09-27 10:12:36.36,95.0
1.0364845999999999,2301303.0,2282716.0,1962.0,21291.0,2020-09-28 10:25:15.150,406.0,23660.0,18587.0,2259056.0,275,2020-09-28 00:00:00.000,00:00,2020-09-28 10:25:15.15,50.0
1.0334986,2313044.0,2292988.0,1963.0,21469.0,2020-09-29 09:40:17.170,407.0,23698.0,20056.0,2269290.0,276,2020-09-29 00:00:00.000,00:00,2020-09-29 9:40:17.17,38.0
1.0341804,2322999.0,2302403.0,1822.0,21590.0,2020-09-30 09:32:00.000,413.0,23811.0,20596.0,2278592.0,277,2020-09-30 00:00:00.000,00:00,2020-09-30 9:32:00.00,113.0
1.0348266,2328435.0,2308406.0,1808.0,21665.0,2020-10-01 09:38:23.230,415.0,23888.0,20029.0,2284518.0,278,2020-10-01 00:00:00.000,00:00,2020-10-01 9:38:23.23,77.0
1.035145,2333777.0,2313782.0,1808.0,21732.0,2020-10-02 09:51:41.410,416.0,23951.0,19995.0,2289831.0,279,2020-10-02 00:00:00.000,00:00,2020-10-02 9:51:41.41,63.0
1.0362413000000001,2339859.0,2318572.0,1803.0,21786.0,2020-10-03 09:49:46.460,420.0,24026.0,21287.0,2294546.0,280,2020-10-03 00:00:00.000,00:00,2020-10-03 9:49:46.46,75.0
1.0364728,2346345.0,2324229.0,1820.0,21844.0,2020-10-04 09:35:30.300,421.0,24090.0,22116.0,2300139.0,281,2020-10-04 00:00:00.000,00:00,2020-10-04 9:35:30.30,64.0
1.0370693000000002,2352378.0,2329931.0,1825.0,21885.0,2020-10-05 09:32:34.340,422.0,24163.0,22447.0,2305768.0,282,2020-10-05 00:00:00.000,00:00,2020-10-05 9:32:34.34,73.0
1.0346199,2365433.0,2342696.0,1856.0,22082.0,2020-10-06 09:39:51.510,422.0,24238.0,22737.0,2318458.0,283,2020-10-06 00:00:00.000,00:00,2020-10-06 9:39:51.51,75.0
1.0336448,2378073.0,2355935.0,1734.0,22333.0,2020-10-07 09:42:44.440,425.0,24352.0,22138.0,2331583.0,284,2020-10-07 00:00:00.000,00:00,2020-10-07 9:42:44.44,114.0
1.0313506,2388844.0,2367866.0,1594.0,22462.0,2020-10-08 10:01:48.480,427.0,24421.0,20978.0,2343445.0,285,2020-10-08 00:00:00.000,00:00,2020-10-08 10:01:48.48,69.0
1.0285628,2400233.0,2379534.0,1532.0,22568.0,2020-10-09 09:37:05.050,428.0,24475.0,20699.0,2355059.0,286,2020-10-09 00:00:00.000,00:00,2020-10-09 9:37:05.05,54.0
1.0289215,2404684.0,2385702.0,1479.0,22623.0,2020-10-10 09:39:43.430,430.0,24547.0,18982.0,2361155.0,287,2020-10-10 00:00:00.000,00:00,2020-10-10 9:39:43.43,72.0
1.0289899,2410483.0,2391180.0,1494.0,22692.0,2020-10-11 09:32:37.370,432.0,24605.0,19303.0,2366575.0,288,2020-10-11 00:00:00.000,00:00,2020-10-11 9:32:37.37,58.0
1.0308301,2415610.0,2396418.0,1481.0,22728.0,2020-10-12 09:41:38.380,433.0,24703.0,19192.0,2371715.0,289,2020-10-12 00:00:00.000,00:00,2020-10-12 9:41:38.38,98.0
1.0298313000000001,2428771.0,2408647.0,1542.0,22863.0,2020-10-13 09:40:11.110,434.0,24805.0,20124.0,2383842.0,290,2020-10-13 00:00:00.000,00:00,2020-10-13 9:40:11.11,102.0
1.0267237,2441443.0,2423047.0,1508.0,23030.0,2020-10-14 09:35:05.050,438.0,24878.0,18396.0,2398169.0,291,2020-10-14 00:00:00.000,00:00,2020-10-14 9:35:05.05,73.0
1.0272656999999998,2450739.0,2432477.0,1410.0,23082.0,2020-10-15 09:39:51.510,439.0,24988.0,18262.0,2407489.0,292,2020-10-15 00:00:00.000,00:00,2020-10-15 9:39:51.51,110.0
1.0251545,2459426.0,2442071.0,1467.0,23180.0,2020-10-16 09:34:40.400,441.0,25035.0,17355.0,2417036.0,293,2020-10-16 00:00:00.000,00:00,2020-10-16 9:34:40.40,47.0
1.0243108,2468527.0,2451209.0,1414.0,23258.0,2020-10-17 09:49:12.120,443.0,25108.0,17318.0,2426101.0,294,2020-10-17 00:00:00.000,00:00,2020-10-17 9:49:12.12,73.0
1.0257056,2474529.0,2456748.0,1407.0,23312.0,2020-10-18 09:33:56.560,444.0,25199.0,17781.0,2431549.0,295,2020-10-18 00:00:00.000,00:00,2020-10-18 9:33:56.56,91.0
1.0264114,2479226.0,2462463.0,1443.0,23368.0,2020-10-19 09:42:36.360,444.0,25275.0,16763.0,2437188.0,296,2020-10-19 00:00:00.000,00:00,2020-10-19 9:42:36.36,76.0
1.0248259,2491311.0,2471932.0,1463.0,23466.0,2020-10-20 09:32:53.530,447.0,25333.0,19379.0,2446599.0,297,2020-10-20 00:00:00.000,00:00,2020-10-20 9:32:53.53,58.0
1.0234317,2503489.0,2483996.0,1420.0,23584.0,2020-10-21 09:34:27.270,450.0,25422.0,19493.0,2458574.0,298,2020-10-21 00:00:00.000,00:00,2020-10-21 9:34:27.27,89.0
1.0235575000000001,2515325.0,2495512.0,1388.0,23647.0,2020-10-22 09:41:21.210,453.0,25543.0,19813.0,2469969.0,299,2020-10-22 00:00:00.000,00:00,2020-10-22 9:41:21.21,121.0
1.0245631,2528621.0,2508191.0,1443.0,23717.0,2020-10-23 09:37:38.380,455.0,25698.0,20430.0,2482493.0,300,2020-10-23 00:00:00.000,00:00,2020-10-23 9:37:38.38,155.0
1.0233084000000001,2540679.0,2518791.0,1526.0,23834.0,2020-10-24 10:28:46.460,457.0,25775.0,21888.0,2493016.0,301,2020-10-24 00:00:00.000,00:00,2020-10-24 10:28:46.46,77.0
1.0234252000000001,2546146.0,2524464.0,1484.0,23869.0,2020-10-25 09:35:32.320,457.0,25836.0,21682.0,2498628.0,302,2020-10-25 00:00:00.000,00:00,2020-10-25 9:35:32.32,61.0
1.0252811,2552264.0,2531501.0,1510.0,23905.0,2020-10-26 09:38:41.410,457.0,25955.0,20763.0,2505546.0,303,2020-10-26 00:00:00.000,00:00,2020-10-26 9:38:41.41,119.0
1.0234679,2567587.0,2544584.0,1593.0,23981.0,2020-10-27 09:38:15.150,460.0,26043.0,23003.0,2518541.0,304,2020-10-27 00:00:00.000,00:00,2020-10-27 9:38:15.15,88.0
1.0213058000000002,2582960.0,2560056.0,1602.0,24073.0,2020-10-28 09:35:23.230,461.0,26146.0,22904.0,2533910.0,305,2020-10-28 00:00:00.000,00:00,2020-10-28 9:35:23.23,103.0
1.0214906,2597978.0,2571830.0,1612.0,24168.0,2020-10-29 09:37:57.570,462.0,26271.0,26148.0,2545559.0,306,2020-10-29 00:00:00.000,00:00,2020-10-29 9:37:57.57,125.0
1.020319,2612231.0,2585858.0,1641.0,24227.0,2020-10-30 09:31:55.550,463.0,26384.0,26373.0,2559474.0,307,2020-10-30 00:00:00.000,00:00,2020-10-30 9:31:55.55,113.0
1.0201192,2624492.0,2598814.0,1694.0,24311.0,2020-10-31 09:35:23.230,464.0,26511.0,25678.0,2572303.0,308,2020-10-31 00:00:00.000,00:00,2020-10-31 9:35:23.23,127.0
1.0221460999999998,2630630.0,2605792.0,1736.0,24357.0,2020-11-01 09:41:40.400,466.0,26635.0,24838.0,2579157.0,309,2020-11-01 00:00:00.000,00:00,2020-11-01 9:41:40.40,124.0
1.0237728000000001,2636650.0,2611126.0,1812.0,24395.0,2020-11-02 09:35:10.100,468.0,26732.0,25524.0,2584394.0,310,2020-11-02 00:00:00.000,00:00,2020-11-02 9:35:10.10,97.0
1.0215911,2649859.0,2624044.0,1869.0,24510.0,2020-11-03 09:30:37.370,472.0,26807.0,25815.0,2597237.0,311,2020-11-03 00:00:00.000,00:00,2020-11-03 9:30:37.37,75.0
1.0206198,2662260.0,2638005.0,1825.0,24616.0,2020-11-04 09:37:25.250,474.0,26924.0,24255.0,2611081.0,312,2020-11-04 00:00:00.000,00:00,2020-11-04 9:37:25.25,117.0
1.0212398999999999,2673705.0,2648643.0,1839.0,24735.0,2020-11-05 09:51:34.898,475.0,27049.0,25062.0,2621594.0,313,2020-11-05 00:00:00.000,00:00,2021-04-27 10:21:26.657,125.0
1.022068,2686313.0,2660684.0,1897.0,24821.0,2020-11-06 09:24:23.717,476.0,27194.0,25629.0,2633490.0,314,2020-11-06 00:00:00.000,00:00,2021-04-27 10:21:41.298,145.0
1.0214406999999999,2697248.0,2671031.0,1896.0,24910.0,2020-11-07 09:40:32.259,477.0,27283.0,26217.0,2643748.0,315,2020-11-07 00:00:00.000,00:00,2021-04-27 10:22:14.706,89.0
1.0244167,2702879.0,2677231.0,1980.0,24968.0,2020-11-08 09:34:44.609,478.0,27426.0,25648.0,2649805.0,316,2020-11-08 00:00:00.000,00:00,2021-04-27 10:22:43.403,143.0
1.0267587,2709198.0,2683396.0,2043.0,25029.0,2020-11-09 09:36:39.787,480.0,27552.0,25802.0,2655844.0,317,2020-11-09 00:00:00.000,00:00,2021-04-27 10:23:00.104,126.0
1.0256280999999998,2723959.0,2696104.0,2007.0,25160.0,2020-11-10 09:37:02.955,485.0,27652.0,27855.0,2668452.0,318,2020-11-10 00:00:00.000,00:00,2021-04-27 10:23:19.579,100.0
1.0265362,2736532.0,2707844.0,2044.0,25266.0,2020-11-11 09:35:35.369,487.0,27797.0,28688.0,2680047.0,319,2020-11-11 00:00:00.000,00:00,2021-04-27 10:23:36.333,145.0
1.0270224000000001,2749770.0,2720486.0,2049.0,25404.0,2020-11-12 09:39:23.831,487.0,27940.0,29284.0,2692546.0,320,2020-11-12 00:00:00.000,00:00,2021-04-27 10:23:55.542,143.0
1.0299529,2761409.0,2731290.0,2106.0,25537.0,2020-11-13 09:35:49.753,488.0,28131.0,30119.0,2703159.0,321,2020-11-13 00:00:00.000,00:00,2021-04-27 10:24:23.651,191.0
1.033182,2777287.0,2742595.0,2208.0,25636.0,2020-11-14 09:31:38.207,492.0,28336.0,34692.0,2714259.0,322,2020-11-14 00:00:00.000,00:00,2021-04-27 10:24:41.625,205.0
1.0377758,2786876.0,2750498.0,2360.0,25691.0,2020-11-15 09:40:16.172,493.0,28544.0,36378.0,2721954.0,323,2020-11-15 00:00:00.000,00:00,2021-04-27 10:24:58.539,208.0
1.0424829,2797688.0,2759374.0,2513.0,25759.0,2020-11-16 09:34:22.212,494.0,28766.0,38314.0,2730608.0,324,2020-11-16 00:00:00.000,00:00,2021-04-27 10:25:15.916,222.0
1.0450700000000002,2815753.0,2774551.0,2642.0,25860.0,2020-11-17 09:38:28.585,494.0,28996.0,41202.0,2745555.0,325,2020-11-17 00:00:00.000,00:00,2021-04-27 10:25:35.527,230.0
1.0488801,2834332.0,2791644.0,2812.0,25973.0,2020-11-18 09:34:00.934,496.0,29281.0,42688.0,2762363.0,326,2020-11-18 00:00:00.000,00:00,2021-04-27 10:25:56.576,285.0
1.0542433,2853795.0,2808270.0,3010.0,26098.0,2020-11-19 09:32:40.671,498.0,29606.0,45525.0,2778664.0,327,2020-11-19 00:00:00.000,00:00,2021-04-27 10:26:13.038,325.0
1.0602296999999998,2873380.0,2825237.0,3190.0,26263.0,2020-11-20 09:35:51.078,501.0,29954.0,48143.0,2795283.0,328,2020-11-20 00:00:00.000,00:00,2021-04-27 10:26:29.992,348.0
1.0663056,2896683.0,2845338.0,3472.0,26365.0,2020-11-21 09:35:35.158,503.0,30340.0,51345.0,2814998.0,329,2020-11-21 00:00:00.000,00:00,2021-04-27 10:26:57.143,386.0
1.0743318000000002,2908827.0,2854798.0,3699.0,26466.0,2020-11-22 09:35:12.388,505.0,30670.0,54029.0,2824128.0,330,2020-11-22 00:00:00.000,00:00,2021-04-27 10:51:26.4,330.0
1.0797325,2922072.0,2865617.0,3893.0,26539.0,2020-11-23 09:33:24.973,509.0,30941.0,56455.0,2834676.0,331,2020-11-23 00:00:00.000,00:00,2021-04-27 10:51:48.849,271.0
1.0832361000000001,2946336.0,2888567.0,4058.0,26722.0,2020-11-24 09:33:23.193,510.0,31290.0,57769.0,2857277.0,332,2020-11-24 00:00:00.000,00:00,2021-04-27 10:52:54.528,349.0
1.0881964,2966342.0,2910504.0,4334.0,26825.0,2020-11-25 09:32:47.722,513.0,31672.0,55838.0,2878832.0,333,2020-11-25 00:00:00.000,00:00,2021-04-27 10:53:29.69,382.0
1.0998012,2987982.0,2932621.0,4788.0,26950.0,2020-11-26 09:44:15.678,515.0,32253.0,55361.0,2900368.0,334,2020-11-26 00:00:00.000,00:00,2021-04-27 10:54:04.101,581.0
1.1110576,3009499.0,2952862.0,5189.0,27103.0,2020-11-27 09:39:01.652,516.0,32808.0,56637.0,2920054.0,335,2020-11-27 00:00:00.000,00:00,2021-04-20 16:57:15.303,555.0
1.1203957,3031940.0,2973146.0,5440.0,27349.0,2020-11-28 09:31:45.871,522.0,33311.0,58794.0,2939835.0,336,2020-11-28 00:00:00.000,00:00,2021-04-20 16:56:43.564,503.0
1.1313708999999998,3046908.0,2984079.0,5696.0,27542.0,2020-11-29 09:33:56.021,523.0,33761.0,62829.0,2950318.0,337,2020-11-29 00:00:00.000,00:00,2021-04-20 16:56:17.367,450.0
1.1408013000000001,3061170.0,2997805.0,6048.0,27625.0,2020-11-30 14:29:16.143,526.0,34199.0,63365.0,2963606.0,338,2020-11-30 00:00:00.000,00:00,2021-04-20 16:55:54.849,438.0
1.1476918,3083995.0,3019103.0,6239.0,27885.0,2020-12-01 09:36:29.450,526.0,34650.0,64892.0,2984453.0,339,2020-12-01 00:00:00.000,00:00,2021-04-20 16:39:24.094,451.0
1.155922,3106968.0,3041814.0,6570.0,28065.0,2020-12-02 09:35:32.913,526.0,35161.0,65154.0,3006653.0,340,2020-12-02 00:00:00.000,00:00,2021-04-20 16:39:02.139,511.0
1.1643796999999998,3131884.0,3066096.0,6820.0,28352.0,2020-12-03 09:49:33.754,529.0,35701.0,65788.0,3030395.0,341,2020-12-03 00:00:00.000,00:00,2021-04-20 16:38:46.863,540.0
1.1744073999999998,3157407.0,3093390.0,7182.0,28611.0,2020-12-04 09:44:32.682,536.0,36329.0,64017.0,3057061.0,342,2020-12-04 00:00:00.000,00:00,2021-04-20 16:38:22.828,628.0
1.18508,3180487.0,3114220.0,7449.0,28917.0,2020-12-05 10:15:39.581,540.0,36906.0,66267.0,3077314.0,343,2020-12-05 00:00:00.000,00:00,2021-04-20 16:38:08.438,577.0
1.2003613000000002,3194858.0,3127142.0,7864.0,29128.0,2020-12-06 09:48:54.801,545.0,37537.0,67716.0,3089605.0,344,2020-12-06 00:00:00.000,00:00,2021-04-20 16:37:48.464,631.0
1.214507,3209367.0,3141357.0,8302.0,29301.0,2020-12-07 09:30:10.758,549.0,38152.0,68010.0,3103205.0,345,2020-12-07 00:00:00.000,00:00,2021-04-20 16:33:40.675,615.0
1.2341536,3221449.0,3150175.0,8676.0,29650.0,2020-12-09 11:28:44.404,552.0,38878.0,71274.0,3111297.0,348,2020-12-08 00:00:00.000,00:00,2021-04-20 16:22:39.718,726.0
1.2400048000000001,3253213.0,3178133.0,8676.0,30177.0,2020-12-09 09:44:25.831,556.0,39409.0,75080.0,3138724.0,347,2020-12-09 00:00:00.000,00:00,2021-04-20 16:22:58.083,531.0
1.2507589,3277938.0,3205174.0,8888.0,30637.0,2020-12-10 09:27:13.236,564.0,40089.0,72764.0,3165085.0,349,2020-12-10 00:00:00.000,00:00,2021-04-20 16:22:19.281,680.0
1.2611036,3311205.0,3233517.0,9049.0,31157.0,2020-12-11 09:33:06.394,572.0,40778.0,77688.0,3192739.0,350,2020-12-11 00:00:00.000,00:00,2021-04-20 16:21:59.021,689.0
1.2787784,3349856.0,3263114.0,9657.0,31493.0,2020-12-12 09:19:01.382,578.0,41728.0,86742.0,3221386.0,351,2020-12-12 00:00:00.000,00:00,2021-04-20 16:21:45.633,950.0
1.3018281,3374585.0,3284458.0,10364.0,31814.0,2020-12-13 09:48:21.971,580.0,42758.0,90127.0,3241700.0,352,2020-12-13 00:00:00.000,00:00,2021-04-20 16:21:31.52,1030.0
1.3143543,3397031.0,3307784.0,10787.0,32102.0,2020-12-14 09:38:10.035,587.0,43476.0,89247.0,3264308.0,353,2020-12-14 00:00:00.000,00:00,2021-04-20 16:21:14.357,718.0
1.3249539,3441212.0,3347739.0,11197.0,32559.0,2020-12-15 09:34:38.398,600.0,44356.0,93473.0,3303383.0,354,2020-12-15 00:00:00.000,00:00,2021-04-20 16:20:56.074,880.0
1.3386655,3488761.0,3393977.0,11875.0,32947.0,2020-12-16 09:37:53.572,612.0,45434.0,94784.0,3348543.0,355,2020-12-16 00:00:00.000,00:00,2021-04-20 16:20:24.018,1078.0
1.3503987,3538835.0,3439577.0,12204.0,33610.0,2020-12-17 09:34:22.890,634.0,46448.0,99258.0,3393129.0,356,2020-12-17 00:00:00.000,00:00,2021-04-20 16:19:52.745,1014.0
1.3656114,3589792.0,3479174.0,12885.0,33982.0,2020-12-19 09:39:06.640,645.0,47512.0,110618.0,3431662.0,358,2020-12-18 00:00:00.000,00:00,2021-04-20 16:19:30.473,1064.0
1.3794594999999998,3646235.0,3520002.0,13564.0,34334.0,2020-12-19 10:32:55.469,659.0,48557.0,126233.0,3471445.0,359,2020-12-19 00:00:00.000,00:00,2021-04-20 16:19:11.693,1045.0
1.4012272,3683083.0,3543608.0,14258.0,34722.0,2020-12-20 09:32:54.292,674.0,49654.0,139475.0,3493954.0,360,2020-12-20 00:00:00.000,00:00,2021-04-20 16:17:30.074,1097.0
1.4177788,3713849.0,3567411.0,14725.0,35155.0,2020-12-21 09:35:07.787,698.0,50578.0,146438.0,3516833.0,361,2020-12-21 00:00:00.000,00:00,2021-04-20 16:17:03.272,924.0
1.4205999,3772416.0,3621287.0,14794.0,35928.0,2020-12-22 09:35:08.235,722.0,51444.0,151129.0,3569843.0,362,2020-12-22 00:00:00.000,00:00,2021-04-20 16:16:42.465,866.0
1.4301008999999998,3826556.0,3673447.0,15069.0,36726.0,2020-12-23 09:35:51.755,739.0,52534.0,153109.0,3620913.0,363,2020-12-23 00:00:00.000,00:00,2021-04-20 16:16:22.083,1090.0
1.4341863000000001,3882196.0,3731663.0,15338.0,37425.0,2020-12-24 09:37:42.339,756.0,53519.0,150533.0,3678144.0,364,2020-12-24 00:00:00.000,00:00,2021-04-20 16:15:55.356,985.0
1.4476715,3939346.0,3782557.0,15938.0,38048.0,2020-12-25 09:19:59.409,773.0,54759.0,156789.0,3727798.0,365,2020-12-25 00:00:00.000,00:00,2021-04-20 16:15:34.566,1240.0
1.4660091,3969403.0,3812391.0,16565.0,38532.0,2020-12-26 09:35:23.058,793.0,55890.0,157012.0,3756501.0,366,2020-12-26 00:00:00.000,00:00,2021-04-20 16:15:05.02,1131.0
1.4809513,4006400.0,3839424.0,17012.0,39040.0,2020-12-27 09:32:40.326,808.0,56860.0,166976.0,3782564.0,367,2020-12-27 00:00:00.000,00:00,2021-04-20 16:14:27.518,970.0
1.4906876,4038294.0,3868416.0,17579.0,39268.0,2020-12-28 09:40:11.190,819.0,57666.0,169878.0,3810750.0,368,2020-12-28 00:00:00.000,00:00,2021-04-20 16:14:02.198,806.0
1.4949567,4098166.0,3927204.0,17148.0,40703.0,2020-12-29 09:37:33.024,859.0,58710.0,170962.0,3868494.0,369,2020-12-29 00:00:00.000,00:00,2021-04-20 16:13:28.79,1044.0
1.4985939,4159509.0,3987738.0,17446.0,41435.0,2020-12-30 09:35:46.266,879.0,59760.0,171771.0,3927978.0,370,2020-12-30 00:00:00.000,00:00,2021-04-20 16:13:02.935,1050.0
1.5018316999999999,4213867.0,4043529.0,17557.0,42270.0,2020-12-31 09:35:07.493,900.0,60727.0,170338.0,3982802.0,371,2020-12-31 00:00:00.000,00:00,2021-04-20 16:12:20.079,967.0
1.5090011,4269303.0,4092376.0,17884.0,42953.0,2021-01-01 09:36:53.691,917.0,61754.0,176927.0,4030622.0,372,2021-01-01 00:00:00.000,00:00,2021-04-20 16:11:34.691,1027.0
1.5175366000000001,4302780.0,4123393.0,18054.0,43578.0,2021-01-02 09:34:52.775,942.0,62574.0,179387.0,4060819.0,373,2021-01-02 00:00:00.000,00:00,2021-04-20 16:11:00.677,820.0
1.5220420000000001,4340825.0,4154353.0,17762.0,44507.0,2021-01-03 09:31:48.677,962.0,63231.0,186472.0,4091122.0,374,2021-01-03 00:00:00.000,00:00,2021-04-20 16:10:23.954,657.0
1.5349523,4376595.0,4185863.0,18030.0,45240.0,2021-01-04 09:33:08.918,981.0,64251.0,190732.0,4121612.0,375,2021-01-04 00:00:00.000,00:00,2021-04-20 16:05:38.401,1020.0
1.5301738999999999,4439347.0,4245596.0,17786.0,46172.0,2021-01-05 09:35:18.724,1007.0,64965.0,193751.0,4180631.0,376,2021-01-05 00:00:00.000,00:00,2021-04-20 15:45:18.126,714.0
1.5257708,4504853.0,4312771.0,17781.0,46995.0,2021-01-06 09:35:00.362,1027.0,65803.0,192082.0,4246968.0,377,2021-01-06 00:00:00.000,00:00,2021-04-20 15:44:50.929,838.0
1.5228753000000002,4569796.0,4378034.0,17977.0,47649.0,2021-01-07 09:38:10.203,1046.0,66672.0,191762.0,4311362.0,378,2021-01-07 00:00:00.000,00:00,2021-04-20 15:44:25.071,869.0
1.516959,4629992.0,4439540.0,17896.0,48369.0,2021-01-08 09:37:55.083,1081.0,67346.0,190452.0,4372194.0,379,2021-01-08 00:00:00.000,00:00,2021-04-20 15:43:08.95,674.0
1.5095874,4689604.0,4503681.0,17563.0,49324.0,2021-01-09 09:41:10.876,1100.0,67987.0,185923.0,4435694.0,380,2021-01-09 00:00:00.000,00:00,2021-04-20 15:42:29.76,641.0
1.5146548,4723444.0,4531990.0,17110.0,50409.0,2021-01-10 09:25:25.617,1125.0,68644.0,191454.0,4463346.0,381,2021-01-10 00:00:00.000,00:00,2021-04-20 15:41:04.466,657.0
1.5146091,4751666.0,4561903.0,15403.0,52552.0,2021-01-11 09:40:23.425,1140.0,69095.0,189763.0,4492808.0,382,2021-01-11 00:00:00.000,00:00,2021-04-20 15:39:52.844,451.0
1.5048093999999999,4814067.0,4627297.0,14898.0,53569.0,2021-01-12 09:36:03.299,1165.0,69632.0,186770.0,4557665.0,383,2021-01-12 00:00:00.000,00:00,2021-04-20 15:33:29.579,537.0
1.4968481000000002,4872301.0,4689387.0,14372.0,54636.0,2021-01-13 09:37:24.087,1185.0,70193.0,182914.0,4619194.0,384,2021-01-13 00:00:00.000,00:00,2021-04-20 15:31:52.134,561.0
1.487024,4925348.0,4755606.0,13750.0,55772.0,2021-01-14 09:35:43.906,1195.0,70717.0,169742.0,4684889.0,385,2021-01-14 00:00:00.000,00:00,2021-04-20 15:31:27.298,524.0
1.4790874,4978063.0,4815740.0,13476.0,56536.0,2021-01-15 09:39:30.220,1217.0,71229.0,162323.0,4744511.0,386,2021-01-15 00:00:00.000,00:00,2021-04-20 15:29:31.24,512.0
1.4725158,5032259.0,4876620.0,13019.0,57554.0,2021-01-16 09:49:04.497,1236.0,71809.0,155639.0,4804811.0,387,2021-01-16 00:00:00.000,00:00,2021-04-20 15:25:25.124,580.0
1.4755317,5061279.0,4901894.0,12827.0,58253.0,2021-01-17 15:27:58.692,1249.0,72329.0,159385.0,4829565.0,487,2021-01-17 00:00:00.000,00:00,2021-04-20 15:29:06.35,520.0
1.4752573,5087209.0,4929174.0,12731.0,58723.0,2021-01-18 09:38:38.427,1264.0,72718.0,158035.0,4856456.0,390,2021-01-18 00:00:00.000,00:00,2021-04-20 15:23:48.267,389.0
1.4661942,5140315.0,4985970.0,12353.0,59468.0,2021-01-19 09:39:49.588,1283.0,73104.0,154345.0,4912866.0,391,2021-01-19 00:00:00.000,00:00,2021-04-20 15:23:34.538,386.0
1.4573418,5192119.0,5043978.0,12028.0,60180.0,2021-01-20 09:38:16.549,1300.0,73508.0,148141.0,4970470.0,392,2021-01-20 00:00:00.000,00:00,2021-04-20 15:23:25.562,404.0
1.4501636999999998,5237598.0,5096528.0,11746.0,60846.0,2021-01-21 09:39:24.111,1316.0,73908.0,141070.0,5022620.0,393,2021-01-21 00:00:00.000,00:00,2021-04-20 15:23:10.249,400.0
1.4420817,5282216.0,5149084.0,11511.0,61415.0,2021-01-22 09:36:14.355,1328.0,74254.0,133132.0,5074830.0,394,2021-01-22 00:00:00.000,00:00,2021-04-20 15:22:54.173,346.0
1.4381663999999998,5329700.0,5193071.0,11304.0,62044.0,2021-01-23 09:40:55.809,1337.0,74685.0,136629.0,5118386.0,395,2021-01-23 00:00:00.000,00:00,2021-04-20 15:22:39.689,431.0
1.4386489,5354342.0,5218577.0,11198.0,62530.0,2021-01-24 09:31:28.637,1349.0,75077.0,135765.0,5143500.0,396,2021-01-24 00:00:00.000,00:00,2021-04-20 15:22:11.021,392.0
1.4406862,5376079.0,5241530.0,11198.0,62956.0,2021-01-25 09:38:09.015,1360.0,75514.0,134549.0,5166016.0,397,2021-01-25 00:00:00.000,00:00,2021-04-20 15:21:00.814,437.0
1.4356743,5422761.0,5284137.0,9699.0,64793.0,2021-01-26 09:41:15.083,1371.0,75863.0,138624.0,5208274.0,398,2021-01-26 00:00:00.000,00:00,2021-04-20 15:20:41.089,349.0
1.4335898999999999,5469240.0,5330813.0,9566.0,65478.0,2021-01-27 09:45:38.773,1378.0,76422.0,138427.0,5254391.0,399,2021-01-27 00:00:00.000,00:00,2021-04-20 15:20:05.793,559.0
1.4289886,5522182.0,5382758.0,9517.0,66016.0,2021-01-28 09:38:09.595,1386.0,76919.0,139424.0,5305839.0,400,2021-01-28 00:00:00.000,00:00,2021-04-20 15:18:38.789,497.0
1.4261116000000003,5569257.0,5426504.0,9486.0,66503.0,2021-01-29 09:37:53.565,1399.0,77388.0,142753.0,5349116.0,401,2021-01-29 00:00:00.000,00:00,2021-04-20 15:14:02.565,469.0
1.4229181999999998,5616524.0,5470729.0,9309.0,67121.0,2021-01-30 09:30:22.952,1414.0,77844.0,145795.0,5392885.0,402,2021-01-30 00:00:00.000,00:00,2021-04-20 15:13:24.688,456.0
1.424044,5640813.0,5491263.0,8900.0,67878.0,2021-01-31 09:32:09.004,1420.0,78198.0,149550.0,5413065.0,403,2021-01-31 00:00:00.000,00:00,2021-04-20 15:13:00.048,354.0
1.4241215,5661837.0,5512381.0,8769.0,68309.0,2021-02-01 10:15:01.974,1425.0,78503.0,149456.0,5433878.0,404,2021-02-01 00:00:00.000,00:00,2021-04-20 15:10:54.481,305.0
1.4186966,5711408.0,5557143.0,8629.0,68775.0,2021-02-02 09:36:54.134,1435.0,78839.0,154265.0,5478304.0,405,2021-02-02 00:00:00.000,00:00,2021-04-20 15:10:31.272,336.0
1.4116763,5756709.0,5617860.0,8566.0,69299.0,2021-02-03 09:31:25.637,1441.0,79306.0,138849.0,5538554.0,407,2021-02-03 00:00:00.000,00:00,2021-04-20 15:10:07.359,467.0
1.4035419,5803090.0,5682552.0,8605.0,69704.0,2021-02-04 09:37:28.112,1448.0,79757.0,120538.0,5602795.0,408,2021-02-04 00:00:00.000,00:00,2021-04-20 15:09:41.835,451.0
1.3960096000000002,5847174.0,5739717.0,8551.0,70117.0,2021-02-05 09:33:36.664,1459.0,80127.0,107457.0,5659590.0,409,2021-02-05 00:00:00.000,00:00,2021-04-20 15:09:07.568,370.0
1.3892615,5893346.0,5795669.0,8548.0,70505.0,2021-02-06 09:32:30.765,1464.0,80517.0,97677.0,5715152.0,410,2021-02-06 00:00:00.000,00:00,2021-04-20 15:08:52.281,390.0
1.3883454,5916967.0,5826216.0,8552.0,70865.0,2021-02-07 09:36:08.210,1471.0,80888.0,90751.0,5745328.0,411,2021-02-07 00:00:00.000,00:00,2021-04-20 15:08:37.504,371.0
1.3868308999999999,5938188.0,5853345.0,8484.0,71218.0,2021-02-08 09:33:37.055,1474.0,81176.0,84843.0,5772169.0,412,2021-02-08 00:00:00.000,00:00,2021-04-20 15:08:09.97,288.0
1.3798848,5987398.0,5904768.0,8321.0,71676.0,2021-02-09 09:31:54.660,1482.0,81479.0,82630.0,5823289.0,413,2021-02-09 00:00:00.000,00:00,2021-04-20 15:07:54.649,303.0
1.376871,6030016.0,5949940.0,8211.0,72226.0,2021-02-10 09:33:33.861,1486.0,81923.0,80076.0,5868017.0,414,2021-02-10 00:00:00.000,00:00,2021-04-20 15:07:26.082,444.0
1.3764473999999998,6070001.0,5988387.0,8293.0,72638.0,2021-02-11 09:31:14.234,1496.0,82427.0,81614.0,5905960.0,415,2021-02-11 00:00:00.000,00:00,2021-04-20 15:07:13.616,504.0
1.3776298,6093362.0,6012501.0,8387.0,72936.0,2021-02-12 09:31:24.356,1507.0,82830.0,80861.0,5929671.0,416,2021-02-12 00:00:00.000,00:00,2021-04-20 15:06:55.687,403.0
1.3761938,6115330.0,6045079.0,8451.0,73227.0,2021-02-13 10:09:06.162,1514.0,83192.0,70251.0,5961887.0,417,2021-02-13 00:00:00.000,00:00,2021-04-20 15:06:34.597,362.0
1.3777576999999999,6140079.0,6061879.0,8437.0,73559.0,2021-02-14 09:31:30.401,1522.0,83518.0,78200.0,5978361.0,418,2021-02-14 00:00:00.000,00:00,2021-04-20 15:06:15.982,326.0
1.3786791999999999,6162852.0,6082706.0,8540.0,73794.0,2021-02-15 09:32:45.168,1527.0,83861.0,80146.0,5998845.0,419,2021-02-15 00:00:00.000,00:00,2021-04-20 15:05:50.141,343.0
1.3740213,6213483.0,6136586.0,8233.0,74551.0,2021-02-16 09:31:34.953,1534.0,84318.0,76897.0,6052268.0,420,2021-02-16 00:00:00.000,00:00,2021-04-20 15:05:32.332,457.0
1.3726074,6260560.0,6188150.0,8041.0,75360.0,2021-02-17 09:36:02.951,1538.0,84939.0,72410.0,6103211.0,421,2021-02-17 00:00:00.000,00:00,2021-04-20 15:04:59.421,621.0
1.3728067,6303207.0,6232487.0,8120.0,75896.0,2021-02-18 09:31:33.593,1544.0,85560.0,70720.0,6146927.0,422,2021-02-18 00:00:00.000,00:00,2021-04-20 15:04:44.372,621.0
1.3724749,6345985.0,6274869.0,8058.0,76513.0,2021-02-19 09:33:30.840,1550.0,86121.0,71116.0,6188748.0,423,2021-02-19 00:00:00.000,00:00,2021-04-20 15:04:31.604,561.0
1.3709742,6390625.0,6314488.0,7934.0,77083.0,2021-02-20 09:40:36.883,1553.0,86570.0,76137.0,6227918.0,425,2021-02-20 00:00:00.000,00:00,2021-04-20 15:04:09.208,449.0
1.372441,6411333.0,6337977.0,7912.0,77516.0,2021-02-21 09:34:28.285,1557.0,86985.0,73356.0,6250992.0,426,2021-02-21 00:00:00.000,00:00,2021-04-20 15:03:53.739,415.0
1.3736267,6429137.0,6356676.0,7868.0,77887.0,2021-02-22 09:30:56.472,1562.0,87317.0,72461.0,6269359.0,427,2021-02-22 00:00:00.000,00:00,2021-04-20 15:03:38.219,332.0
1.3701891000000002,6472671.0,6398606.0,7706.0,78394.0,2021-02-23 09:31:45.903,1573.0,87673.0,74065.0,6310933.0,428,2021-02-23 00:00:00.000,00:00,2021-04-20 15:03:16.321,356.0
1.3690661,6510981.0,6435993.0,7487.0,79050.0,2021-02-24 09:33:42.127,1576.0,88113.0,74988.0,6347880.0,429,2021-02-24 00:00:00.000,00:00,2021-04-20 15:02:56.51,440.0
1.3653302999999999,6551206.0,6482534.0,7440.0,79487.0,2021-02-25 09:31:53.266,1581.0,88508.0,68672.0,6394026.0,430,2021-02-25 00:00:00.000,00:00,2021-04-20 15:02:37.668,395.0
1.3631903,6590042.0,6521100.0,7430.0,79880.0,2021-02-26 09:32:51.735,1585.0,88895.0,68942.0,6432205.0,431,2021-02-26 00:00:00.000,00:00,2021-04-20 15:02:19.005,387.0
1.3618028,6627207.0,6558218.0,7382.0,80333.0,2021-02-27 09:37:27.179,1595.0,89310.0,68989.0,6468908.0,433,2021-02-27 00:00:00.000,00:00,2021-04-20 14:59:32.479,415.0
1.3634966999999998,6648996.0,6576107.0,7365.0,80697.0,2021-02-28 10:24:54.713,1603.0,89665.0,72889.0,6486442.0,434,2021-02-28 00:00:00.000,00:00,2021-04-20 14:59:08.938,355.0
1.3655943000000001,6665747.0,6592002.0,7345.0,81070.0,2021-03-01 09:48:21.402,1605.0,90020.0,73745.0,6501982.0,435,2021-03-01 00:00:00.000,00:00,2021-04-20 14:58:56.038,355.0
1.3673829,6681969.0,6608537.0,7420.0,81338.0,2021-03-02 09:32:41.950,1606.0,90364.0,73432.0,6518173.0,436,2021-03-02 00:00:00.000,00:00,2021-04-20 14:57:59.417,344.0
1.3654662,6716196.0,6650329.0,7496.0,81700.0,2021-03-03 09:33:02.813,1612.0,90808.0,65867.0,6559521.0,437,2021-03-03 00:00:00.000,00:00,2021-04-20 14:57:38.163,444.0
1.3633393999999999,6751893.0,6691804.0,7451.0,82162.0,2021-03-04 09:33:23.999,1619.0,91232.0,60089.0,6600572.0,438,2021-03-04 00:00:00.000,00:00,2021-04-20 14:57:22.272,424.0
1.3624678,6789004.0,6725297.0,7443.0,82560.0,2021-03-05 09:41:54.920,1627.0,91630.0,63707.0,6633667.0,439,2021-03-05 00:00:00.000,00:00,2021-04-20 14:57:05.073,398.0
1.3623087,6821936.0,6756765.0,7503.0,82913.0,2021-03-06 09:40:17.621,1632.0,92048.0,65171.0,6664717.0,440,2021-03-06 00:00:00.000,00:00,2021-04-20 14:56:41.076,418.0
1.3644353,6843119.0,6776723.0,7610.0,83220.0,2021-03-07 09:52:34.246,1634.0,92464.0,66396.0,6684259.0,441,2021-03-07 00:00:00.000,00:00,2021-04-20 14:51:55.518,416.0
1.3659762,6861802.0,6794408.0,7694.0,83474.0,2021-03-08 09:31:46.646,1642.0,92810.0,67394.0,6701598.0,442,2021-03-08 00:00:00.000,00:00,2021-04-20 14:51:41.422,346.0
1.3648931999999998,6902977.0,6832476.0,7711.0,83900.0,2021-03-09 09:52:46.909,1645.0,93256.0,70501.0,6739220.0,443,2021-03-09 00:00:00.000,00:00,2021-04-20 14:51:28.616,446.0
1.3645577,6938877.0,6868599.0,7766.0,84312.0,2021-03-10 09:45:29.181,1648.0,93726.0,70278.0,6774873.0,444,2021-03-10 00:00:00.000,00:00,2021-04-20 14:50:56.417,470.0
1.3633620000000002,6976978.0,6908730.0,7864.0,84675.0,2021-03-11 09:39:02.159,1652.0,94191.0,68248.0,6814539.0,445,2021-03-11 00:00:00.000,00:00,2021-04-20 14:48:58.191,465.0
1.3634808,7012657.0,6943919.0,7274.0,85743.0,2021-03-12 09:49:58.077,1662.0,94679.0,68738.0,6849240.0,446,2021-03-12 00:00:00.000,00:00,2021-04-20 14:48:36.524,488.0
1.3636675,7046775.0,6978901.0,6877.0,86625.0,2021-03-13 09:36:41.886,1667.0,95169.0,67874.0,6883732.0,447,2021-03-13 00:00:00.000,00:00,2021-04-20 14:48:06.227,490.0
1.3667877,7066394.0,6996551.0,6551.0,87408.0,2021-03-14 09:42:57.640,1669.0,95628.0,69843.0,6900923.0,448,2021-03-14 00:00:00.000,00:00,2021-04-20 14:47:44.94,459.0
1.3689198,7084930.0,7013340.0,6578.0,87754.0,2021-03-15 09:51:09.370,1675.0,96007.0,71590.0,6917333.0,449,2021-03-15 00:00:00.000,00:00,2021-04-20 14:47:28.958,379.0
1.3673338,7126067.0,7048023.0,6437.0,88255.0,2021-03-16 09:36:13.502,1678.0,96370.0,78044.0,6951653.0,450,2021-03-16 00:00:00.000,00:00,2021-04-20 14:46:59.298,363.0
1.3662313999999998,7171500.0,7088038.0,6339.0,88814.0,2021-03-17 09:31:37.789,1686.0,96839.0,83462.0,6991199.0,451,2021-03-17 00:00:00.000,00:00,2021-04-20 14:46:39.82,469.0
1.3647468,7218077.0,7128355.0,6418.0,89178.0,2021-03-18 09:38:40.962,1688.0,97284.0,89722.0,7031071.0,452,2021-03-18 00:00:00.000,00:00,2021-04-20 14:46:21.32,445.0
1.3620257,7264931.0,7176590.0,6534.0,89523.0,2021-03-19 09:32:03.884,1690.0,97747.0,88341.0,7078843.0,453,2021-03-19 00:00:00.000,00:00,2021-04-20 14:45:53.021,463.0
1.3607973,7308935.0,7215917.0,6552.0,89949.0,2021-03-20 09:31:53.146,1693.0,98194.0,93018.0,7117723.0,454,2021-03-20 00:00:00.000,00:00,2021-04-20 14:45:35.163,447.0
1.3636255,7332699.0,7234391.0,6626.0,90328.0,2021-03-21 09:53:34.815,1696.0,98650.0,98308.0,7135741.0,455,2021-03-21 00:00:00.000,00:00,2021-04-20 14:45:11.413,456.0
1.3658822,7355954.0,7252822.0,6757.0,90611.0,2021-03-22 10:04:58.004,1697.0,99065.0,103132.0,7153757.0,456,2021-03-22 00:00:00.000,00:00,2021-04-20 14:44:34.623,415.0
1.3616438,7400980.0,7300808.0,6628.0,91079.0,2021-03-23 09:32:10.986,1704.0,99411.0,100172.0,7201397.0,457,2021-03-23 00:00:00.000,00:00,2021-04-20 14:44:18.502,346.0
1.3589312,7441203.0,7346877.0,6572.0,91560.0,2021-03-24 09:35:12.391,1707.0,99839.0,94326.0,7247038.0,458,2021-03-24 00:00:00.000,00:00,2021-04-20 14:43:58.157,428.0
1.3551936000000002,7485852.0,7398869.0,6492.0,92068.0,2021-03-25 09:34:48.910,1709.0,100269.0,86983.0,7298600.0,459,2021-03-25 00:00:00.000,00:00,2021-04-20 14:43:42.787,430.0
1.3520967,7529391.0,7451982.0,6412.0,92630.0,2021-03-26 09:33:28.300,1716.0,100758.0,77409.0,7351224.0,460,2021-03-26 00:00:00.000,00:00,2021-04-20 14:43:22.594,489.0
1.3506448,7572556.0,7497382.0,6067.0,93475.0,2021-03-27 09:53:35.032,1721.0,101263.0,75174.0,7396119.0,461,2021-03-27 00:00:00.000,00:00,2021-04-20 14:42:54.126,505.0
1.3535358,7595584.0,7516979.0,6168.0,93855.0,2021-03-28 11:17:23.373,1722.0,101745.0,78605.0,7415234.0,462,2021-03-28 00:00:00.000,00:00,2021-04-20 14:42:38.562,482.0
1.3549405,7616317.0,7537379.0,6277.0,94124.0,2021-03-29 09:41:57.983,1726.0,102127.0,78938.0,7435252.0,463,2021-03-29 00:00:00.000,00:00,2021-04-20 14:42:25.82,382.0
1.3522258999999999,7663991.0,7585567.0,6282.0,94563.0,2021-03-30 09:39:54.626,1729.0,102574.0,78424.0,7482993.0,465,2021-03-30 00:00:00.000,00:00,2021-04-20 14:42:04.778,447.0
1.3498348,7707792.0,7636490.0,6319.0,95030.0,2021-03-31 09:32:59.933,1731.0,103080.0,71302.0,7533410.0,466,2021-03-31 00:00:00.000,00:00,2021-04-20 14:41:41.712,506.0
1.3496016000000002,7747295.0,7678636.0,6457.0,95439.0,2021-04-01 09:32:19.520,1735.0,103631.0,68659.0,7575005.0,467,2021-04-01 00:00:00.000,00:00,2021-04-20 14:41:23.051,551.0
1.3500159999999999,7788290.0,7717538.0,6590.0,95861.0,2021-04-02 09:54:00.108,1737.0,104188.0,70752.0,7613350.0,468,2021-04-02 00:00:00.000,00:00,2021-04-20 14:40:42.759,557.0
1.3506169,7829596.0,7754308.0,6795.0,96196.0,2021-04-03 09:34:03.806,1740.0,104731.0,75288.0,7649577.0,469,2021-04-03 00:00:00.000,00:00,2021-04-20 14:40:25.997,543.0
1.3549223,7849470.0,7769671.0,6940.0,96589.0,2021-04-04 09:45:05.147,1744.0,105273.0,79799.0,7664398.0,470,2021-04-04 00:00:00.000,00:00,2021-04-20 14:40:12.582,542.0
1.3577642,7868815.0,7788318.0,7099.0,96900.0,2021-04-05 09:44:27.235,1748.0,105747.0,80497.0,7682571.0,471,2021-04-05 00:00:00.000,00:00,2021-04-20 14:39:30.302,474.0
1.3545301,7921284.0,7842129.0,7109.0,97363.0,2021-04-06 09:31:57.498,1752.0,106224.0,79155.0,7735905.0,472,2021-04-06 00:00:00.000,00:00,2021-04-20 14:39:01.36,477.0
1.3545174999999998,7966161.0,7891519.0,7208.0,97928.0,2021-04-07 09:37:24.979,1756.0,106892.0,74642.0,7784627.0,473,2021-04-07 00:00:00.000,00:00,2021-04-20 14:38:33.513,668.0
1.3560158000000002,8012415.0,7934421.0,7474.0,98360.0,2021-04-08 09:30:58.826,1758.0,107592.0,77994.0,7826829.0,474,2021-04-08 00:00:00.000,00:00,2021-04-20 14:38:13.56,700.0
1.3571563,8059107.0,7977195.0,7713.0,98786.0,2021-04-09 09:33:53.300,1764.0,108263.0,81912.0,7868932.0,475,2021-04-09 00:00:00.000,00:00,2021-04-20 14:37:51.855,671.0
1.3589283,8106625.0,8016611.0,7874.0,99301.0,2021-04-10 09:36:31.907,1765.0,108940.0,90014.0,7907671.0,476,2021-04-10 00:00:00.000,00:00,2021-04-20 14:37:10.346,677.0
1.3630158,8129527.0,8037618.0,7677.0,100109.0,2021-04-11 09:36:07.611,1768.0,109554.0,91909.0,7928064.0,477,2021-04-11 00:00:00.000,00:00,2021-04-20 14:36:51.706,614.0
1.3669325,8152778.0,8057530.0,7567.0,100804.0,2021-04-12 09:36:52.596,1770.0,110141.0,95248.0,7947389.0,478,2021-04-12 00:00:00.000,00:00,2021-04-20 14:36:31.34,587.0
1.3639427,8200514.0,8114930.0,7576.0,101332.0,2021-04-13 09:36:30.661,1775.0,110683.0,85584.0,8004247.0,479,2021-04-13 00:00:00.000,00:00,2021-04-20 14:36:13.585,542.0
1.3635703000000001,8245383.0,8170756.0,7649.0,101983.0,2021-04-14 09:33:58.653,1782.0,111414.0,74627.0,8059342.0,480,2021-04-14 00:00:00.000,00:00,2021-04-20 14:35:54.244,731.0
1.3637437,8291121.0,8220900.0,7811.0,102513.0,2021-04-15 09:38:50.340,1788.0,112112.0,70221.0,8108788.0,481,2021-04-15 00:00:00.000,00:00,2021-04-20 14:35:43.42,698.0
1.3650312,8333331.0,8262448.0,7933.0,103062.0,2021-04-16 09:32:10.738,1790.0,112785.0,70883.0,8149663.0,482,2021-04-16 00:00:00.000,00:00,2021-04-20 14:35:13.573,673.0
1.3656743,8377778.0,8306739.0,8055.0,103594.0,2021-04-17 09:40:16.606,1794.0,113443.0,71039.0,8193296.0,483,2021-04-17 00:00:00.000,00:00,2021-04-18 09:35:59.415,658.0
1.370924,8396066.0,8323875.0,8311.0,104006.0,2021-04-18 09:30:44.979,1797.0,114114.0,72191.0,8209761.0,484,2021-04-18 00:00:00.000,00:00,2021-04-19 09:39:27.906,671.0
1.3739837,8414821.0,8344058.0,8371.0,104474.0,2021-04-19 09:39:21.483,1801.0,114646.0,70763.0,8229412.0,485,2021-04-19 00:00:00.000,00:00,,532.0
1.372676,8458592.0,8392002.0,8166.0,105227.0,2021-04-20 09:34:02.801,1802.0,115195.0,66590.0,8276807.0,486,2021-04-20 00:00:00.000,00:00,,549.0
1.3750976000000001,8497594.0,8430383.0,8243.0,105877.0,2021-04-21 09:36:56.675,1806.0,115926.0,67211.0,8314457.0,488,2021-04-21 00:00:00.000,00:00,,731.0
1.377284,8537505.0,8470366.0,8394.0,106459.0,2021-04-22 09:31:58.246,1808.0,116661.0,67139.0,8353705.0,489,2021-04-22 00:00:00.000,00:00,,735.0
1.3796529,8583530.0,8513591.0,8576.0,107071.0,2021-04-23 09:51:40.550,1811.0,117458.0,69939.0,8396133.0,490,2021-04-23 00:00:00.000,00:00,,797.0
1.3822067,8632923.0,8554654.0,8650.0,107781.0,2021-04-24 09:38:23.778,1812.0,118243.0,78269.0,8436411.0,491,2021-04-24 00:00:00.000,00:00,,785.0
1.3860767,8654791.0,8577231.0,8599.0,108475.0,2021-04-25 09:52:51.000,1813.0,118887.0,77560.0,8458344.0,492,2021-04-25 00:00:00.000,00:00,,644.0
1.389034,8672978.0,8594894.0,8719.0,108850.0,2021-04-26 09:42:14.750,1817.0,119386.0,78084.0,8475508.0,493,2021-04-26 00:00:00.000,00:00,2021-04-27 09:37:24.371,499.0
1.3868896000000002,8721609.0,8645101.0,8383.0,109695.0,2021-04-27 09:34:47.417,1820.0,119898.0,76508.0,8525203.0,494,2021-04-27 00:00:00.000,00:00,,512.0
1.3886694,8766491.0,8689325.0,8597.0,110248.0,2021-04-28 09:33:01.863,1821.0,120666.0,77166.0,8568659.0,495,2021-04-28 00:00:00.000,00:00,2021-04-30 09:39:12.945,768.0
1.3907242,8805774.0,8725382.0,8734.0,110787.0,2021-04-29 09:32:46.339,1825.0,121346.0,80392.0,8604036.0,496,2021-04-29 00:00:00.000,00:00,2021-04-30 09:39:29.337,680.0
1.3918555000000001,8848292.0,8765781.0,8757.0,111422.0,2021-04-30 09:33:44.165,1828.0,122007.0,82511.0,8643774.0,497,2021-04-30 00:00:00.000,00:00,,661.0
1.3938571000000002,8883388.0,8798176.0,8466.0,112337.0,2021-05-01 09:17:27.172,1831.0,122634.0,85212.0,8675542.0,498,2021-05-01 00:00:00.000,00:00,,627.0
1.3986067,8898234.0,8811627.0,8542.0,112865.0,2021-05-02 09:23:20.570,1833.0,123240.0,86607.0,8688387.0,499,2021-05-02 00:00:00.000,00:00,,606.0
1.4018098,8915326.0,8826304.0,8538.0,113356.0,2021-05-03 09:31:59.949,1834.0,123728.0,89022.0,8702576.0,500,2021-05-03 00:00:00.000,00:00,,488.0
1.3995739999999999,8957155.0,8879059.0,8301.0,114128.0,2021-05-04 09:46:01.635,1840.0,124269.0,78096.0,8754790.0,501,2021-05-04 00:00:00.000,00:00,,541.0
1.4015026000000002,8994069.0,8915074.0,8154.0,114944.0,2021-05-05 09:37:42.237,1847.0,124945.0,78995.0,8790129.0,502,2021-05-05 00:00:00.000,00:00,,676.0
1.4049684999999998,9010992.0,8933937.0,8177.0,115491.0,2021-05-06 09:34:55.519,1851.0,125519.0,77055.0,8808418.0,503,2021-05-06 00:00:00.000,00:00,,574.0
1.4047878999999999,9051354.0,8972458.0,8162.0,116022.0,2021-05-07 09:38:57.839,1860.0,126044.0,78896.0,8846414.0,504,2021-05-07 00:00:00.000,00:00,,525.0
1.4065732,9089166.0,9010907.0,7999.0,116881.0,2021-05-08 09:37:54.141,1865.0,126745.0,78259.0,8884162.0,505,2021-05-08 00:00:00.000,00:00,,701.0
1.4107056,9105771.0,9024491.0,8012.0,117423.0,2021-05-09 09:38:01.137,1874.0,127309.0,81280.0,8897182.0,506,2021-05-09 00:00:00.000,00:00,,564.0
1.4136164,9122059.0,9038661.0,8053.0,117844.0,2021-05-10 09:36:30.350,1875.0,127772.0,83398.0,8910889.0,507,2021-05-10 00:00:00.000,00:00,,463.0
1.4128508999999998,9164284.0,9079656.0,7686.0,118717.0,2021-05-11 09:39:41.186,1879.0,128282.0,84628.0,8951374.0,508,2021-05-11 00:00:00.000,00:00,2021-05-27 09:53:30.741,510.0
1.4139993999999998,9201539.0,9117260.0,7661.0,119373.0,2021-05-12 09:38:47.792,1884.0,128918.0,84279.0,8988342.0,509,2021-05-12 00:00:00.000,00:00,,636.0
1.4161913000000002,9241153.0,9153636.0,7836.0,119906.0,2021-05-13 09:41:10.700,1891.0,129633.0,87517.0,9024003.0,510,2021-05-13 00:00:00.000,00:00,,715.0
1.4193209999999998,9281291.0,9186083.0,8092.0,120395.0,2021-05-14 09:44:47.494,1893.0,130380.0,95208.0,9055703.0,511,2021-05-14 00:00:00.000,00:00,,747.0
1.4215046999999998,9319094.0,9219878.0,7883.0,121282.0,2021-05-15 09:38:53.579,1896.0,131061.0,99216.0,9088817.0,512,2021-05-15 00:00:00.000,00:00,,681.0
1.42579,9336614.0,9234951.0,8007.0,121764.0,2021-05-16 09:26:31.589,1900.0,131671.0,101663.0,9103280.0,513,2021-05-16 00:00:00.000,00:00,,610.0
1.4299309,9353300.0,9251496.0,8224.0,122163.0,2021-05-17 09:39:34.169,1903.0,132290.0,101804.0,9119206.0,514,2021-05-17 00:00:00.000,00:00,,619.0
1.429443,9395004.0,9291591.0,8283.0,122631.0,2021-05-18 09:41:35.393,1904.0,132818.0,103413.0,9158773.0,515,2021-05-18 00:00:00.000,00:00,,528.0
1.4314548999999999,9428644.0,9324150.0,8322.0,123237.0,2021-05-19 09:39:48.186,1912.0,133471.0,104494.0,9190679.0,516,2021-05-19 00:00:00.000,00:00,,653.0
1.4361751,9447358.0,9338485.0,8542.0,123659.0,2021-05-20 09:35:45.542,1916.0,134117.0,108873.0,9204368.0,517,2021-05-20 00:00:00.000,00:00,2021-05-21 09:47:58.875,646.0
1.4368774,9487108.0,9372964.0,8598.0,124158.0,2021-05-21 09:36:32.023,1922.0,134678.0,114144.0,9238286.0,518,2021-05-21 00:00:00.000,00:00,,561.0
1.4393079,9520966.0,9403408.0,8386.0,125032.0,2021-05-22 09:37:01.885,1926.0,135344.0,117558.0,9268064.0,519,2021-05-22 00:00:00.000,00:00,,666.0
1.4438928,9536299.0,9414064.0,8117.0,125881.0,2021-05-23 09:37:54.099,1931.0,135929.0,122235.0,9278135.0,520,2021-05-23 00:00:00.000,00:00,,585.0
1.4466268999999998,9553613.0,9432909.0,8098.0,126427.0,2021-05-24 09:42:11.785,1934.0,136459.0,120704.0,9296450.0,521,2021-05-24 00:00:00.000,00:00,2021-05-26 17:11:27.494,530.0
1.4455504,9592727.0,9475629.0,8044.0,126993.0,2021-05-25 09:33:39.762,1938.0,136975.0,117098.0,9338654.0,522,2021-05-25 00:00:00.000,00:00,2021-05-26 17:26:57.787,516.0
1.4479226,9629450.0,9508381.0,8160.0,127574.0,2021-05-26 09:46:42.628,1940.0,137674.0,121069.0,9370707.0,523,2021-05-26 00:00:00.000,00:00,2021-05-27 09:40:52.468,699.0
1.4493399,9665693.0,9543034.0,8188.0,128180.0,2021-05-27 09:39:43.099,1943.0,138311.0,122659.0,9404723.0,524,2021-05-27 00:00:00.000,00:00,,637.0
1.4499377,9702456.0,9579584.0,8193.0,128759.0,2021-05-28 09:34:29.553,1946.0,138898.0,122872.0,9440686.0,525,2021-05-28 00:00:00.000,00:00,2021-05-29 09:47:35.466,587.0
1.450925,9733591.0,9609801.0,7741.0,129739.0,2021-05-29 09:45:26.765,1951.0,139431.0,123790.0,9470370.0,526,2021-05-29 00:00:00.000,00:00,,533.0
1.4541965000000001,9747614.0,9621121.0,7572.0,130381.0,2021-05-30 09:24:39.384,1957.0,139910.0,126493.0,9481211.0,527,2021-05-30 00:00:00.000,00:00,,479.0
1.456836,9761158.0,9633205.0,7558.0,130823.0,2021-05-31 09:34:29.254,1959.0,140340.0,127953.0,9492865.0,528,2021-05-31 00:00:00.000,00:00,,430.0
1.4559203,9798402.0,9670790.0,7373.0,131463.0,2021-06-01 09:39:17.218,1963.0,140799.0,127612.0,9529991.0,529,2021-06-01 00:00:00.000,00:00,,459.0
1.4576991000000001,9834350.0,9705433.0,7443.0,132068.0,2021-06-02 09:34:39.577,1965.0,141476.0,128917.0,9563957.0,530,2021-06-02 00:00:00.000,00:00,,677.0
1.4591427,9872324.0,9742502.0,7490.0,132699.0,2021-06-03 09:34:41.776,1968.0,142157.0,129822.0,9600345.0,531,2021-06-03 00:00:00.000,00:00,,681.0
1.4610308,9911324.0,9777480.0,7594.0,133289.0,2021-06-04 09:35:01.747,1969.0,142852.0,133844.0,9634628.0,532,2021-06-04 00:00:00.000,00:00,,695.0
1.4639521999999998,9945954.0,9808790.0,7862.0,133763.0,2021-06-05 09:35:32.811,1971.0,143596.0,137164.0,9665194.0,533,2021-06-05 00:00:00.000,00:00,,744.0
1.46746,9959697.0,9823232.0,7917.0,134262.0,2021-06-06 09:43:04.144,1973.0,144152.0,136465.0,9679080.0,534,2021-06-06 00:00:00.000,00:00,,556.0
1.4705203000000002,9972297.0,9835771.0,7802.0,134861.0,2021-06-07 09:34:49.979,1974.0,144637.0,136526.0,9691134.0,535,2021-06-07 00:00:00.000,00:00,,485.0
1.4701110000000002,10008583.0,9869323.0,7703.0,135412.0,2021-06-08 09:37:18.147,1975.0,145090.0,139260.0,9724233.0,536,2021-06-08 00:00:00.000,00:00,2021-06-09 16:41:53.988,453.0
1.4696532,10044783.0,9913359.0,7541.0,136174.0,2021-06-09 09:41:30.049,1977.0,145692.0,131424.0,9767667.0,537,2021-06-09 00:00:00.000,00:00,,602.0
1.4708941,10076862.0,9946535.0,7611.0,136713.0,2021-06-10 09:35:53.948,1979.0,146303.0,130327.0,9800232.0,538,2021-06-10 00:00:00.000,00:00,,611.0
1.4719098999999998,10111062.0,9977309.0,7652.0,137224.0,2021-06-11 09:37:57.985,1981.0,146857.0,133753.0,9830452.0,539,2021-06-11 00:00:00.000,00:00,2021-06-12 14:51:25.402,554.0
1.471522,10140535.0,10018335.0,7403.0,138037.0,2021-06-12 09:40:24.954,1982.0,147422.0,122200.0,9870913.0,540,2021-06-12 00:00:00.000,00:00,,565.0
1.4745537,10152907.0,10028390.0,7308.0,138581.0,2021-06-13 09:36:35.692,1985.0,147874.0,124517.0,9880516.0,541,2021-06-13 00:00:00.000,00:00,,452.0
1.4765177999999999,10165497.0,10042073.0,7263.0,139022.0,2021-06-14 09:35:03.394,1988.0,148273.0,123424.0,9893800.0,542,2021-06-14 00:00:00.000,00:00,,399.0
1.475716,10196469.0,10072805.0,6921.0,139733.0,2021-06-15 09:34:07.292,1992.0,148646.0,123664.0,9924159.0,543,2021-06-15 00:00:00.000,00:00,2021-06-16 09:46:35.159,373.0
1.475587,10229384.0,10110620.0,6760.0,140438.0,2021-06-16 09:52:02.014,1993.0,149191.0,118764.0,9961429.0,544,2021-06-16 00:00:00.000,00:00,,545.0
1.4771444999999999,10257836.0,10136517.0,6708.0,141029.0,2021-06-17 09:37:38.734,1994.0,149731.0,121319.0,9986786.0,545,2021-06-17 00:00:00.000,00:00,,540.0
1.4775264,10294048.0,10168211.0,6426.0,141816.0,2021-06-18 09:42:02.100,1996.0,150238.0,125837.0,10017973.0,546,2021-06-18 00:00:00.000,00:00,,507.0
1.4784540000000002,10323154.0,10194433.0,6338.0,142385.0,2021-06-19 09:54:16.488,1997.0,150720.0,128721.0,10043713.0,547,2021-06-19 00:00:00.000,00:00,,482.0
